address_id,street,postal_city,state,zip,year_built,units,use_code,source
addr_0001,691 S Mill St,Los Angeles,CA,90021,1921,57,0556 Five or More Units or Apartments (Any Combination),LA County Assessor Parcel Data 2026 (ArcGIS Assessor_Parcel_Data_2026)
addr_0002,365 S Cloverdale Ave,Los Angeles,CA,90036,1928,24,0500 Five or More Units or Apartments (Any Combination),LA County Assessor Parcel Data 2026 (ArcGIS Assessor_Parcel_Data_2026)
addr_0003,969 Dewey Ave,Los Angeles,CA,90006,1966,5,0500 Five or More Units or Apartments (Any Combination),LA County Assessor Parcel Data 2026 (ArcGIS Assessor_Parcel_Data_2026)
addr_0004,1321 N Martel Ave,Los Angeles,CA,90046,2017,23,0500 Five or More Units or Apartments (Any Combination),LA County Assessor Parcel Data 2026 (ArcGIS Assessor_Parcel_Data_2026)
addr_0005,350 S Cloverdale Ave,Los Angeles,CA,90036,1936,6,0500 Five or More Units or Apartments (Any Combination),LA County Assessor Parcel Data 2026 (ArcGIS Assessor_Parcel_Data_2026)
addr_0006,22651 del Valle St,Los Angeles,CA,91364,2005,8,0500 Five or More Units or Apartments (Any Combination),LA County Assessor Parcel Data 2026 (ArcGIS Assessor_Parcel_Data_2026)
addr_0007,1310 N Vista St,Los Angeles,CA,90046,1949,5,0500 Five or More Units or Apartments (Any Combination),LA County Assessor Parcel Data 2026 (ArcGIS Assessor_Parcel_Data_2026)
addr_0008,30 S Venice Blvd,Los Angeles,CA,90291,1965,5,0500 Five or More Units or Apartments (Any Combination),LA County Assessor Parcel Data 2026 (ArcGIS Assessor_Parcel_Data_2026)
addr_0009,2204 Strongs Dr,Los Angeles,CA,90291,1973,8,0500 Five or More Units or Apartments (Any Combination),LA County Assessor Parcel Data 2026 (ArcGIS Assessor_Parcel_Data_2026)
addr_0010,334 S Cloverdale Ave,Los Angeles,CA,90036,1988,58,0501 Five or More Units or Apartments (Any Combination),LA County Assessor Parcel Data 2026 (ArcGIS Assessor_Parcel_Data_2026)
addr_0011,1021 S Berendo St,Los Angeles,CA,90006,2019,44,0550 Five or More Units or Apartments (Any Combination),LA County Assessor Parcel Data 2026 (ArcGIS Assessor_Parcel_Data_2026)
addr_0012,7820 Baird Ave,Los Angeles,CA,91335,1964,20,0501 Five or More Units or Apartments (Any Combination),LA County Assessor Parcel Data 2026 (ArcGIS Assessor_Parcel_Data_2026)
addr_0013,11 S Venice Blvd,Los Angeles,CA,90291,1970,15,0500 Five or More Units or Apartments (Any Combination),LA County Assessor Parcel Data 2026 (ArcGIS Assessor_Parcel_Data_2026)
addr_0014,1122 S Shenandoah St,Los Angeles,CA,90035,1956,6,0500 Five or More Units or Apartments (Any Combination),LA County Assessor Parcel Data 2026 (ArcGIS Assessor_Parcel_Data_2026)
addr_0015,1026 S Shenandoah St,Los Angeles,CA,90035,1954,6,0500 Five or More Units or Apartments (Any Combination),LA County Assessor Parcel Data 2026 (ArcGIS Assessor_Parcel_Data_2026)
addr_0016,438 S Venice Blvd,Los Angeles,CA,90291,1991,5,0500 Five or More Units or Apartments (Any Combination),LA County Assessor Parcel Data 2026 (ArcGIS Assessor_Parcel_Data_2026)
addr_0017,1020 S New Hampshire Ave,Los Angeles,CA,90006,1924,20,0500 Five or More Units or Apartments (Any Combination),LA County Assessor Parcel Data 2026 (ArcGIS Assessor_Parcel_Data_2026)
addr_0018,2901 E Olympic Blvd,Los Angeles,CA,90023,1939,232,0500 Five or More Units or Apartments (Any Combination),LA County Assessor Parcel Data 2026 (ArcGIS Assessor_Parcel_Data_2026)
addr_0019,1616 N Vista St,Los Angeles,CA,90046,1921,14,0500 Five or More Units or Apartments (Any Combination),LA County Assessor Parcel Data 2026 (ArcGIS Assessor_Parcel_Data_2026)
addr_0020,1033 S Bedford St,Los Angeles,CA,90035,1954,6,0500 Five or More Units or Apartments (Any Combination),LA County Assessor Parcel Data 2026 (ArcGIS Assessor_Parcel_Data_2026)
addr_0021,13505 Burbank Blvd,Los Angeles,CA,91401,1963,8,0500 Five or More Units or Apartments (Any Combination),LA County Assessor Parcel Data 2026 (ArcGIS Assessor_Parcel_Data_2026)
addr_0022,1031 S Sherbourne Dr,Los Angeles,CA,90035,1954,6,0500 Five or More Units or Apartments (Any Combination),LA County Assessor Parcel Data 2026 (ArcGIS Assessor_Parcel_Data_2026)
addr_0023,1050 S Shenandoah St,Los Angeles,CA,90035,1958,5,0500 Five or More Units or Apartments (Any Combination),LA County Assessor Parcel Data 2026 (ArcGIS Assessor_Parcel_Data_2026)
addr_0024,13508 Burbank Blvd,Los Angeles,CA,91401,1986,7,0500 Five or More Units or Apartments (Any Combination),LA County Assessor Parcel Data 2026 (ArcGIS Assessor_Parcel_Data_2026)
addr_0025,1016 S Shenandoah St,Los Angeles,CA,90035,1955,6,0500 Five or More Units or Apartments (Any Combination),LA County Assessor Parcel Data 2026 (ArcGIS Assessor_Parcel_Data_2026)
addr_0026,7900 Reseda Blvd,Los Angeles,CA,91335,1963,43,0501 Five or More Units or Apartments (Any Combination),LA County Assessor Parcel Data 2026 (ArcGIS Assessor_Parcel_Data_2026)
addr_0027,339 S Detroit St,Los Angeles,CA,90036,1929,12,0500 Five or More Units or Apartments (Any Combination),LA County Assessor Parcel Data 2026 (ArcGIS Assessor_Parcel_Data_2026)
addr_0028,423 S Cloverdale Ave,Los Angeles,CA,90036,1947,7,0500 Five or More Units or Apartments (Any Combination),LA County Assessor Parcel Data 2026 (ArcGIS Assessor_Parcel_Data_2026)
addr_0029,355 S Detroit St,Los Angeles,CA,90036,1949,12,0500 Five or More Units or Apartments (Any Combination),LA County Assessor Parcel Data 2026 (ArcGIS Assessor_Parcel_Data_2026)
addr_0030,5828 Woodman Ave,Los Angeles,CA,91401,1957,6,0500 Five or More Units or Apartments (Any Combination),LA County Assessor Parcel Data 2026 (ArcGIS Assessor_Parcel_Data_2026)
addr_0031,1020 S Mariposa Ave,Los Angeles,CA,90006,,6,0500 Five or More Units or Apartments (Any Combination),LA County Assessor Parcel Data 2026 (ArcGIS Assessor_Parcel_Data_2026)
addr_0032,8135 Reseda Blvd,Los Angeles,CA,91335,1981,10,0500 Five or More Units or Apartments (Any Combination),LA County Assessor Parcel Data 2026 (ArcGIS Assessor_Parcel_Data_2026)
addr_0033,23100 Avenue San Luis,Los Angeles,CA,91364,1992,140,0501 Five or More Units or Apartments (Any Combination),LA County Assessor Parcel Data 2026 (ArcGIS Assessor_Parcel_Data_2026)
addr_0034,7918 Reseda Blvd,Los Angeles,CA,91335,1987,42,0501 Five or More Units or Apartments (Any Combination),LA County Assessor Parcel Data 2026 (ArcGIS Assessor_Parcel_Data_2026)
addr_0035,330 S Cochran Ave,Los Angeles,CA,90036,1930,8,0500 Five or More Units or Apartments (Any Combination),LA County Assessor Parcel Data 2026 (ArcGIS Assessor_Parcel_Data_2026)
addr_0036,431 S Cloverdale Ave,Los Angeles,CA,90036,1929,8,0500 Five or More Units or Apartments (Any Combination),LA County Assessor Parcel Data 2026 (ArcGIS Assessor_Parcel_Data_2026)
addr_0037,21 S Venice Blvd,Los Angeles,CA,90291,1964,6,0500 Five or More Units or Apartments (Any Combination),LA County Assessor Parcel Data 2026 (ArcGIS Assessor_Parcel_Data_2026)
addr_0038,669 N Boyle Ave,Los Angeles,CA,90033,1901,7,0500 Five or More Units or Apartments (Any Combination),LA County Assessor Parcel Data 2026 (ArcGIS Assessor_Parcel_Data_2026)
addr_0039,443 S Cloverdale Ave,Los Angeles,CA,90036,1928,8,0500 Five or More Units or Apartments (Any Combination),LA County Assessor Parcel Data 2026 (ArcGIS Assessor_Parcel_Data_2026)
addr_0040,960 S New Hampshire Ave,Los Angeles,CA,90006,1962,5,0500 Five or More Units or Apartments (Any Combination),LA County Assessor Parcel Data 2026 (ArcGIS Assessor_Parcel_Data_2026)
addr_0041,5207 W 8th St,Los Angeles,CA,90036,1924,8,0500 Five or More Units or Apartments (Any Combination),LA County Assessor Parcel Data 2026 (ArcGIS Assessor_Parcel_Data_2026)
addr_0042,5904 Woodman Ave,Los Angeles,CA,91401,1962,13,0500 Five or More Units or Apartments (Any Combination),LA County Assessor Parcel Data 2026 (ArcGIS Assessor_Parcel_Data_2026)
addr_0043,13453 Burbank Blvd,Los Angeles,CA,91401,1951,6,0500 Five or More Units or Apartments (Any Combination),LA County Assessor Parcel Data 2026 (ArcGIS Assessor_Parcel_Data_2026)
addr_0044,7428 Hollywood Blvd,Los Angeles,CA,90046,1987,36,0500 Five or More Units or Apartments (Any Combination),LA County Assessor Parcel Data 2026 (ArcGIS Assessor_Parcel_Data_2026)
addr_0045,2817 W 11th St,Los Angeles,CA,90006,1923,8,0500 Five or More Units or Apartments (Any Combination),LA County Assessor Parcel Data 2026 (ArcGIS Assessor_Parcel_Data_2026)
addr_0046,342 S Cochran Ave,Los Angeles,CA,90036,1991,39,0500 Five or More Units or Apartments (Any Combination),LA County Assessor Parcel Data 2026 (ArcGIS Assessor_Parcel_Data_2026)
addr_0047,14 Westminster Ave,Los Angeles,CA,90291,1912,25,0500 Five or More Units or Apartments (Any Combination),LA County Assessor Parcel Data 2026 (ArcGIS Assessor_Parcel_Data_2026)
addr_0048,12610 Burbank Blvd,Los Angeles,CA,91607,1964,7,0500 Five or More Units or Apartments (Any Combination),LA County Assessor Parcel Data 2026 (ArcGIS Assessor_Parcel_Data_2026)
addr_0049,1401 Mitchell Pl,Los Angeles,CA,90033,1969,20,0500 Five or More Units or Apartments (Any Combination),LA County Assessor Parcel Data 2026 (ArcGIS Assessor_Parcel_Data_2026)
addr_0050,1416 N Martel Ave,Los Angeles,CA,90046,1962,6,0500 Five or More Units or Apartments (Any Combination),LA County Assessor Parcel Data 2026 (ArcGIS Assessor_Parcel_Data_2026)
addr_0051,20 Westminster Ave,Los Angeles,CA,90291,1912,8,0500 Five or More Units or Apartments (Any Combination),LA County Assessor Parcel Data 2026 (ArcGIS Assessor_Parcel_Data_2026)
addr_0052,1108 S Bedford St,Los Angeles,CA,90035,1964,8,0500 Five or More Units or Apartments (Any Combination),LA County Assessor Parcel Data 2026 (ArcGIS Assessor_Parcel_Data_2026)
addr_0053,3542 23rd St,San Francisco,CA,94110,1912,7,MRES Multi-Family Residential,DataSF wv5m-vpq2 (roll 2025) + EAS 3mea-di5p
addr_0054,2727 Clay St,San Francisco,CA,94115,1910,5,MRES Multi-Family Residential,DataSF wv5m-vpq2 (roll 2025) + EAS 3mea-di5p
addr_0055,525 Filbert St,San Francisco,CA,94133,1908,6,MRES Multi-Family Residential,DataSF wv5m-vpq2 (roll 2025) + EAS 3mea-di5p
addr_0056,562 6th Ave,San Francisco,CA,94118,1965,10,MRES Multi-Family Residential,DataSF wv5m-vpq2 (roll 2025) + EAS 3mea-di5p
addr_0057,170 Downey St,San Francisco,CA,94117,1900,7,MRES Multi-Family Residential,DataSF wv5m-vpq2 (roll 2025) + EAS 3mea-di5p
addr_0058,1409 Shrader St,San Francisco,CA,94117,1906,6,MRES Multi-Family Residential,DataSF wv5m-vpq2 (roll 2025) + EAS 3mea-di5p
addr_0059,1381 20th Ave,San Francisco,CA,94122,1962,6,MRES Multi-Family Residential,DataSF wv5m-vpq2 (roll 2025) + EAS 3mea-di5p
addr_0060,1369 9th Ave,San Francisco,CA,94122,1965,6,MRES Multi-Family Residential,DataSF wv5m-vpq2 (roll 2025) + EAS 3mea-di5p
addr_0061,485 Warren Dr,San Francisco,CA,94131,1961,9,MRES Multi-Family Residential,DataSF wv5m-vpq2 (roll 2025) + EAS 3mea-di5p
addr_0062,370 Green St,San Francisco,CA,94133,1911,6,MRES Multi-Family Residential,DataSF wv5m-vpq2 (roll 2025) + EAS 3mea-di5p
addr_0063,667 33rd Ave,San Francisco,CA,94121,1963,6,MRES Multi-Family Residential,DataSF wv5m-vpq2 (roll 2025) + EAS 3mea-di5p
addr_0064,1235 Pine St,San Francisco,CA,94109,1912,12,MRES Multi-Family Residential,DataSF wv5m-vpq2 (roll 2025) + EAS 3mea-di5p
addr_0065,2025 Stockton St,San Francisco,CA,94133,1974,8,MRES Multi-Family Residential,DataSF wv5m-vpq2 (roll 2025) + EAS 3mea-di5p
addr_0066,1 Fair Oaks St,San Francisco,CA,94110,1924,10,MRES Multi-Family Residential,DataSF wv5m-vpq2 (roll 2025) + EAS 3mea-di5p
addr_0067,1670 Sutter St,San Francisco,CA,94109,1978,15,MRES Multi-Family Residential,DataSF wv5m-vpq2 (roll 2025) + EAS 3mea-di5p
addr_0068,1800 23rd Ave,San Francisco,CA,94122,1954,6,MRES Multi-Family Residential,DataSF wv5m-vpq2 (roll 2025) + EAS 3mea-di5p
addr_0069,3110 Laguna St,San Francisco,CA,94123,1925,8,MRES Multi-Family Residential,DataSF wv5m-vpq2 (roll 2025) + EAS 3mea-di5p
addr_0070,100 Dolores St,San Francisco,CA,94103,1916,6,MRES Multi-Family Residential,DataSF wv5m-vpq2 (roll 2025) + EAS 3mea-di5p
addr_0071,159 Dolores St,San Francisco,CA,94103,1921,5,MRES Multi-Family Residential,DataSF wv5m-vpq2 (roll 2025) + EAS 3mea-di5p
addr_0072,1251 20th Ave,San Francisco,CA,94122,1908,6,MRES Multi-Family Residential,DataSF wv5m-vpq2 (roll 2025) + EAS 3mea-di5p
addr_0073,1267 Filbert St,San Francisco,CA,94109,1911,12,MRES Multi-Family Residential,DataSF wv5m-vpq2 (roll 2025) + EAS 3mea-di5p
addr_0074,4328 Geary Blvd,San Francisco,CA,94118,1908,11,MRES Multi-Family Residential,DataSF wv5m-vpq2 (roll 2025) + EAS 3mea-di5p
addr_0075,741 14th St,San Francisco,CA,94114,1929,6,MRES Multi-Family Residential,DataSF wv5m-vpq2 (roll 2025) + EAS 3mea-di5p
addr_0076,908 Vallejo St,San Francisco,CA,94133,1924,6,MRES Multi-Family Residential,DataSF wv5m-vpq2 (roll 2025) + EAS 3mea-di5p
addr_0077,1768 9th Ave,San Francisco,CA,94122,1954,5,MRES Multi-Family Residential,DataSF wv5m-vpq2 (roll 2025) + EAS 3mea-di5p
addr_0078,1445 Waller St,San Francisco,CA,94117,1955,6,MRES Multi-Family Residential,DataSF wv5m-vpq2 (roll 2025) + EAS 3mea-di5p
addr_0079,2140 Pacific Ave,San Francisco,CA,94115,1929,27,MRES Multi-Family Residential,DataSF wv5m-vpq2 (roll 2025) + EAS 3mea-di5p
addr_0080,725 Union St,San Francisco,CA,94133,1914,6,MRES Multi-Family Residential,DataSF wv5m-vpq2 (roll 2025) + EAS 3mea-di5p
addr_0081,200 Arguello Blvd,San Francisco,CA,94118,1961,14,MRES Multi-Family Residential,DataSF wv5m-vpq2 (roll 2025) + EAS 3mea-di5p
addr_0082,3525 Mission St,San Francisco,CA,94110,1926,8,MRES Multi-Family Residential,DataSF wv5m-vpq2 (roll 2025) + EAS 3mea-di5p
addr_0083,448 Broderick St,San Francisco,CA,94117,1905,9,MRES Multi-Family Residential,DataSF wv5m-vpq2 (roll 2025) + EAS 3mea-di5p
addr_0084,1355 Leavenworth St,San Francisco,CA,94109,1917,17,MRES Multi-Family Residential,DataSF wv5m-vpq2 (roll 2025) + EAS 3mea-di5p
addr_0085,1600 Anza St,San Francisco,CA,94118,1910,5,MRES Multi-Family Residential,DataSF wv5m-vpq2 (roll 2025) + EAS 3mea-di5p
addr_0086,821 Pine St,San Francisco,CA,94108,1922,12,MRES Multi-Family Residential,DataSF wv5m-vpq2 (roll 2025) + EAS 3mea-di5p
addr_0087,1274 Union St,San Francisco,CA,94109,1909,6,MRES Multi-Family Residential,DataSF wv5m-vpq2 (roll 2025) + EAS 3mea-di5p
addr_0088,1216 Clay St,San Francisco,CA,94108,1965,6,MRES Multi-Family Residential,DataSF wv5m-vpq2 (roll 2025) + EAS 3mea-di5p
addr_0089,1300 Haight St,San Francisco,CA,94117,1910,12,MRES Multi-Family Residential,DataSF wv5m-vpq2 (roll 2025) + EAS 3mea-di5p
addr_0090,218 Union St,San Francisco,CA,94133,1963,7,MRES Multi-Family Residential,DataSF wv5m-vpq2 (roll 2025) + EAS 3mea-di5p
addr_0091,700 Castro St,San Francisco,CA,94114,1927,12,MRES Multi-Family Residential,DataSF wv5m-vpq2 (roll 2025) + EAS 3mea-di5p
addr_0092,805 Leavenworth St,San Francisco,CA,94109,1924,100,MRES Multi-Family Residential,DataSF wv5m-vpq2 (roll 2025) + EAS 3mea-di5p
addr_0093,2429 Vallejo St,San Francisco,CA,94123,1906,11,MRES Multi-Family Residential,DataSF wv5m-vpq2 (roll 2025) + EAS 3mea-di5p
addr_0094,1492 Larkin St,San Francisco,CA,94109,1907,7,MRES Multi-Family Residential,DataSF wv5m-vpq2 (roll 2025) + EAS 3mea-di5p
addr_0095,409 10th Ave,San Francisco,CA,94118,1923,10,MRES Multi-Family Residential,DataSF wv5m-vpq2 (roll 2025) + EAS 3mea-di5p
addr_0096,571 33rd Ave,San Francisco,CA,94121,1960,12,MRES Multi-Family Residential,DataSF wv5m-vpq2 (roll 2025) + EAS 3mea-di5p
addr_0097,538 3rd Ave,San Francisco,CA,94118,1964,6,MRES Multi-Family Residential,DataSF wv5m-vpq2 (roll 2025) + EAS 3mea-di5p
addr_0098,2250 Pine St,San Francisco,CA,94115,1913,6,MRES Multi-Family Residential,DataSF wv5m-vpq2 (roll 2025) + EAS 3mea-di5p
addr_0099,50 Alta St,San Francisco,CA,94133,1955,6,MRES Multi-Family Residential,DataSF wv5m-vpq2 (roll 2025) + EAS 3mea-di5p
addr_0100,3040 Franklin St,San Francisco,CA,94123,1925,12,MRES Multi-Family Residential,DataSF wv5m-vpq2 (roll 2025) + EAS 3mea-di5p
addr_0101,60 Crestline Dr,San Francisco,CA,94131,1964,12,MRES Multi-Family Residential,DataSF wv5m-vpq2 (roll 2025) + EAS 3mea-di5p
addr_0102,909 Haight St,San Francisco,CA,94117,1905,6,MRES Multi-Family Residential,DataSF wv5m-vpq2 (roll 2025) + EAS 3mea-di5p
addr_0103,3674 16th St,San Francisco,CA,94114,1890,5,MRES Multi-Family Residential,DataSF wv5m-vpq2 (roll 2025) + EAS 3mea-di5p
addr_0104,36 Spofford St,San Francisco,CA,94108,1907,9,MRES Multi-Family Residential,DataSF wv5m-vpq2 (roll 2025) + EAS 3mea-di5p
addr_0105,5041 Lotus St,San Diego,CA,92107,,10,140 (ASR_LANDUS 14),"SanGIS parcels via ArcGIS Online mirror (Hunsakersd SanGIS_Parcels, May 2025)"
addr_0106,4556 Ohio St,San Diego,CA,92116,,7,140 (ASR_LANDUS 14),"SanGIS parcels via ArcGIS Online mirror (Hunsakersd SanGIS_Parcels, May 2025)"
addr_0107,3818 Van Dyke Ave,San Diego,CA,92105,1991,14,140 (ASR_LANDUS 14),"SanGIS parcels via ArcGIS Online mirror (Hunsakersd SanGIS_Parcels, May 2025)"
addr_0108,3837 Highland Ave,San Diego,CA,92105,1981,7,140 (ASR_LANDUS 14),"SanGIS parcels via ArcGIS Online mirror (Hunsakersd SanGIS_Parcels, May 2025)"
addr_0109,4485 Illinois St,San Diego,CA,92116,1952,14,140 (ASR_LANDUS 14),"SanGIS parcels via ArcGIS Online mirror (Hunsakersd SanGIS_Parcels, May 2025)"
addr_0110,14103 Old el Camino Real,San Diego,CA,92130,2002,24,153 (ASR_LANDUS 15),"SanGIS parcels via ArcGIS Online mirror (Hunsakersd SanGIS_Parcels, May 2025)"
addr_0111,2875 Monroe Ave,San Diego,CA,92116,1986,6,140 (ASR_LANDUS 14),"SanGIS parcels via ArcGIS Online mirror (Hunsakersd SanGIS_Parcels, May 2025)"
addr_0112,18605 Caminito Cantilena,San Diego,CA,92128,1998,114,160 (ASR_LANDUS 16),"SanGIS parcels via ArcGIS Online mirror (Hunsakersd SanGIS_Parcels, May 2025)"
addr_0113,2259 Market St,San Diego,CA,92102,2020,6,140 (ASR_LANDUS 14),"SanGIS parcels via ArcGIS Online mirror (Hunsakersd SanGIS_Parcels, May 2025)"
addr_0114,1902 Market St,San Diego,CA,92102,,12,140 (ASR_LANDUS 14),"SanGIS parcels via ArcGIS Online mirror (Hunsakersd SanGIS_Parcels, May 2025)"
addr_0115,3361 Dale St,San Diego,CA,92104,1970,6,140 (ASR_LANDUS 14),"SanGIS parcels via ArcGIS Online mirror (Hunsakersd SanGIS_Parcels, May 2025)"
addr_0116,4929 del Monte Ave,San Diego,CA,92107,1971,20,150 (ASR_LANDUS 15),"SanGIS parcels via ArcGIS Online mirror (Hunsakersd SanGIS_Parcels, May 2025)"
addr_0117,2250 Congress St,San Diego,CA,92110,1960,10,140 (ASR_LANDUS 14),"SanGIS parcels via ArcGIS Online mirror (Hunsakersd SanGIS_Parcels, May 2025)"
addr_0118,241 14th St,San Diego,CA,92101,2022,368,160 (ASR_LANDUS 16),"SanGIS parcels via ArcGIS Online mirror (Hunsakersd SanGIS_Parcels, May 2025)"
addr_0119,741 11th Ave,San Diego,CA,92101,,10,140 (ASR_LANDUS 14),"SanGIS parcels via ArcGIS Online mirror (Hunsakersd SanGIS_Parcels, May 2025)"
addr_0120,4956 Santa Cruz Ave,San Diego,CA,92107,1947,8,140 (ASR_LANDUS 14),"SanGIS parcels via ArcGIS Online mirror (Hunsakersd SanGIS_Parcels, May 2025)"
addr_0121,3225 30th St,San Diego,CA,92104,1949,5,140 (ASR_LANDUS 14),"SanGIS parcels via ArcGIS Online mirror (Hunsakersd SanGIS_Parcels, May 2025)"
addr_0122,717 Whiting Ct,San Diego,CA,92109,1947,6,140 (ASR_LANDUS 14),"SanGIS parcels via ArcGIS Online mirror (Hunsakersd SanGIS_Parcels, May 2025)"
addr_0123,3434 Wilshire Ter,San Diego,CA,92104,2022,6,140 (ASR_LANDUS 14),"SanGIS parcels via ArcGIS Online mirror (Hunsakersd SanGIS_Parcels, May 2025)"
addr_0124,1675 Bacon St,San Diego,CA,92107,1969,5,140 (ASR_LANDUS 14),"SanGIS parcels via ArcGIS Online mirror (Hunsakersd SanGIS_Parcels, May 2025)"
addr_0125,3440 Florida St,San Diego,CA,92104,1970,28,150 (ASR_LANDUS 15),"SanGIS parcels via ArcGIS Online mirror (Hunsakersd SanGIS_Parcels, May 2025)"
addr_0126,1066 Lincoln Ave,San Diego,CA,92103,1959,7,140 (ASR_LANDUS 14),"SanGIS parcels via ArcGIS Online mirror (Hunsakersd SanGIS_Parcels, May 2025)"
addr_0127,4311 3rd Ave,San Diego,CA,92103,2021,132,160 (ASR_LANDUS 16),"SanGIS parcels via ArcGIS Online mirror (Hunsakersd SanGIS_Parcels, May 2025)"
addr_0128,1704 Market St,San Diego,CA,92101,2023,6,140 (ASR_LANDUS 14),"SanGIS parcels via ArcGIS Online mirror (Hunsakersd SanGIS_Parcels, May 2025)"
addr_0129,2525 Market St,San Diego,CA,92102,2008,5,140 (ASR_LANDUS 14),"SanGIS parcels via ArcGIS Online mirror (Hunsakersd SanGIS_Parcels, May 2025)"
addr_0130,4953 Santa Cruz Ave,San Diego,CA,92107,,5,140 (ASR_LANDUS 14),"SanGIS parcels via ArcGIS Online mirror (Hunsakersd SanGIS_Parcels, May 2025)"
addr_0131,12726 Torrey Bluff Dr,San Diego,CA,92130,1987,48,160 (ASR_LANDUS 16),"SanGIS parcels via ArcGIS Online mirror (Hunsakersd SanGIS_Parcels, May 2025)"
addr_0132,4422 30th St,San Diego,CA,92116,1953,7,140 (ASR_LANDUS 14),"SanGIS parcels via ArcGIS Online mirror (Hunsakersd SanGIS_Parcels, May 2025)"
addr_0133,4454 Utah St,San Diego,CA,92116,1987,11,140 (ASR_LANDUS 14),"SanGIS parcels via ArcGIS Online mirror (Hunsakersd SanGIS_Parcels, May 2025)"
addr_0134,936 W Lewis St,San Diego,CA,92103,1950,5,140 (ASR_LANDUS 14),"SanGIS parcels via ArcGIS Online mirror (Hunsakersd SanGIS_Parcels, May 2025)"
addr_0135,4077 Goldfinch St,San Diego,CA,92103,,21,150 (ASR_LANDUS 15),"SanGIS parcels via ArcGIS Online mirror (Hunsakersd SanGIS_Parcels, May 2025)"
addr_0136,4933 Narragansett Ave,San Diego,CA,92107,,5,140 (ASR_LANDUS 14),"SanGIS parcels via ArcGIS Online mirror (Hunsakersd SanGIS_Parcels, May 2025)"
addr_0137,4055 Winona Ave,San Diego,CA,92105,1986,6,140 (ASR_LANDUS 14),"SanGIS parcels via ArcGIS Online mirror (Hunsakersd SanGIS_Parcels, May 2025)"
addr_0138,1029 Hayes Ave,San Diego,CA,92103,1959,6,140 (ASR_LANDUS 14),"SanGIS parcels via ArcGIS Online mirror (Hunsakersd SanGIS_Parcels, May 2025)"
addr_0139,2175 Bacon St,San Diego,CA,92107,1932,6,140 (ASR_LANDUS 14),"SanGIS parcels via ArcGIS Online mirror (Hunsakersd SanGIS_Parcels, May 2025)"
addr_0140,3175 Wing St,San Diego,CA,92110,1970,24,150 (ASR_LANDUS 15),"SanGIS parcels via ArcGIS Online mirror (Hunsakersd SanGIS_Parcels, May 2025)"
addr_0141,516 25th St,San Diego,CA,92102,2008,6,140 (ASR_LANDUS 14),"SanGIS parcels via ArcGIS Online mirror (Hunsakersd SanGIS_Parcels, May 2025)"
addr_0142,4942 Santa Cruz Ave,San Diego,CA,92107,,6,140 (ASR_LANDUS 14),"SanGIS parcels via ArcGIS Online mirror (Hunsakersd SanGIS_Parcels, May 2025)"
addr_0143,4082 N 48th St,San Diego,CA,92105,1959,8,140 (ASR_LANDUS 14),"SanGIS parcels via ArcGIS Online mirror (Hunsakersd SanGIS_Parcels, May 2025)"
addr_0144,2401 G St,San Diego,CA,92102,,10,140 (ASR_LANDUS 14),"SanGIS parcels via ArcGIS Online mirror (Hunsakersd SanGIS_Parcels, May 2025)"
addr_0145,2517 G St,San Diego,CA,92102,2026,8,140 (ASR_LANDUS 14),"SanGIS parcels via ArcGIS Online mirror (Hunsakersd SanGIS_Parcels, May 2025)"
addr_0146,1476 la Playa Ave,San Diego,CA,92109,1960,10,140 (ASR_LANDUS 14),"SanGIS parcels via ArcGIS Online mirror (Hunsakersd SanGIS_Parcels, May 2025)"
addr_0147,3870 Van Dyke Ave,San Diego,CA,92105,1985,18,150 (ASR_LANDUS 15),"SanGIS parcels via ArcGIS Online mirror (Hunsakersd SanGIS_Parcels, May 2025)"
addr_0148,4928 Coronado Ave,San Diego,CA,92107,,9,140 (ASR_LANDUS 14),"SanGIS parcels via ArcGIS Online mirror (Hunsakersd SanGIS_Parcels, May 2025)"
addr_0149,3806 Fairmount Ave,San Diego,CA,92105,2003,116,160 (ASR_LANDUS 16),"SanGIS parcels via ArcGIS Online mirror (Hunsakersd SanGIS_Parcels, May 2025)"
addr_0150,13710 Portofino Dr,Del Mar,CA,92014,1977,44,150 (ASR_LANDUS 15),"SanGIS parcels via ArcGIS Online mirror (Hunsakersd SanGIS_Parcels, May 2025)"
addr_0151,3358 Grim Ave,San Diego,CA,92104,2026,10,140 (ASR_LANDUS 14),"SanGIS parcels via ArcGIS Online mirror (Hunsakersd SanGIS_Parcels, May 2025)"
addr_0152,2254 Moore St,San Diego,CA,92110,2010,31,150 (ASR_LANDUS 15),"SanGIS parcels via ArcGIS Online mirror (Hunsakersd SanGIS_Parcels, May 2025)"
addr_0153,1561 Ocean Blvd,San Diego,CA,92107,1952,5,140 (ASR_LANDUS 14),"SanGIS parcels via ArcGIS Online mirror (Hunsakersd SanGIS_Parcels, May 2025)"
addr_0154,13525 Zinnia Hills Pl,San Diego,CA,92130,2006,108,163 (ASR_LANDUS 16),"SanGIS parcels via ArcGIS Online mirror (Hunsakersd SanGIS_Parcels, May 2025)"
addr_0155,4050 Brant St,San Diego,CA,92103,1963,37,150 (ASR_LANDUS 15),"SanGIS parcels via ArcGIS Online mirror (Hunsakersd SanGIS_Parcels, May 2025)"
addr_0156,10615 Calle Mar Mariposa,San Diego,CA,92130,2015,179,160 (ASR_LANDUS 16),"SanGIS parcels via ArcGIS Online mirror (Hunsakersd SanGIS_Parcels, May 2025)"
addr_0157,1624 Walnut St,Berkeley,CA,94709,,,2500,"Berkeley Open Data rax9-nuvx (TaxParcel2017, Alameda County use codes)"
addr_0158,1901 6th St,Berkeley,CA,94710,,,2600,"Berkeley Open Data rax9-nuvx (TaxParcel2017, Alameda County use codes)"
addr_0159,2929 Harper St,Berkeley,CA,94703,,,2500,"Berkeley Open Data rax9-nuvx (TaxParcel2017, Alameda County use codes)"
addr_0160,1943 Haste St,Berkeley,CA,94704,,,2500,"Berkeley Open Data rax9-nuvx (TaxParcel2017, Alameda County use codes)"
addr_0161,1912 Woolsey St,Berkeley,CA,94703,,,2400,"Berkeley Open Data rax9-nuvx (TaxParcel2017, Alameda County use codes)"
addr_0162,1112 Allston Way,Berkeley,CA,94702,,,2400,"Berkeley Open Data rax9-nuvx (TaxParcel2017, Alameda County use codes)"
addr_0163,1723 Oregon St,Berkeley,CA,94703,,,2500,"Berkeley Open Data rax9-nuvx (TaxParcel2017, Alameda County use codes)"
addr_0164,2700 Benvenue Ave,Berkeley,CA,94705,,,2500,"Berkeley Open Data rax9-nuvx (TaxParcel2017, Alameda County use codes)"
addr_0165,1647 Woolsey St,Berkeley,CA,94703,,,2600,"Berkeley Open Data rax9-nuvx (TaxParcel2017, Alameda County use codes)"
addr_0166,3114 California St,Berkeley,CA,94703,,,2500,"Berkeley Open Data rax9-nuvx (TaxParcel2017, Alameda County use codes)"
addr_0167,950 Bancroft Way,Berkeley,CA,94710,,,2400,"Berkeley Open Data rax9-nuvx (TaxParcel2017, Alameda County use codes)"
addr_0168,53 Menlo Pl,Berkeley,CA,94707,,,2500,"Berkeley Open Data rax9-nuvx (TaxParcel2017, Alameda County use codes)"
addr_0169,1902 Harmon St,Berkeley,CA,94703,,,2500,"Berkeley Open Data rax9-nuvx (TaxParcel2017, Alameda County use codes)"
addr_0170,2143 Cedar St,Berkeley,CA,94709,,,2600,"Berkeley Open Data rax9-nuvx (TaxParcel2017, Alameda County use codes)"
addr_0171,1229 Evelyn Ave,Berkeley,CA,94706,,,2700,"Berkeley Open Data rax9-nuvx (TaxParcel2017, Alameda County use codes)"
addr_0172,1349 Rose St,Berkeley,CA,94702,,,2400,"Berkeley Open Data rax9-nuvx (TaxParcel2017, Alameda County use codes)"
addr_0173,2407 10th St,Berkeley,CA,94710,,,2500,"Berkeley Open Data rax9-nuvx (TaxParcel2017, Alameda County use codes)"
addr_0174,1360 Hopkins St,Berkeley,CA,94702,,,2500,"Berkeley Open Data rax9-nuvx (TaxParcel2017, Alameda County use codes)"
addr_0175,2520 California St,Berkeley,CA,94703,,,2600,"Berkeley Open Data rax9-nuvx (TaxParcel2017, Alameda County use codes)"
addr_0176,1181 Colusa Ave,Berkeley,CA,94707,,,2500,"Berkeley Open Data rax9-nuvx (TaxParcel2017, Alameda County use codes)"
addr_0177,2810 Benvenue Ave,Berkeley,CA,94705,,,2600,"Berkeley Open Data rax9-nuvx (TaxParcel2017, Alameda County use codes)"
addr_0178,1630 Woolsey St,Berkeley,CA,94703,,,2600,"Berkeley Open Data rax9-nuvx (TaxParcel2017, Alameda County use codes)"
addr_0179,2723 Forest Ave,Berkeley,CA,94705,,,2500,"Berkeley Open Data rax9-nuvx (TaxParcel2017, Alameda County use codes)"
addr_0180,1636 63rd St,Berkeley,CA,94703,,,2600,"Berkeley Open Data rax9-nuvx (TaxParcel2017, Alameda County use codes)"
addr_0181,3105 College Ave,Berkeley,CA,94705,,,2700,"Berkeley Open Data rax9-nuvx (TaxParcel2017, Alameda County use codes)"
addr_0182,1793 Oxford St,Berkeley,CA,94709,,,2400,"Berkeley Open Data rax9-nuvx (TaxParcel2017, Alameda County use codes)"
addr_0183,1507 Ada St,Berkeley,CA,94703,,,2500,"Berkeley Open Data rax9-nuvx (TaxParcel2017, Alameda County use codes)"
addr_0184,2425 Prince St,Berkeley,CA,94705,,,2500,"Berkeley Open Data rax9-nuvx (TaxParcel2017, Alameda County use codes)"
addr_0185,2601 Piedmont Ave,Berkeley,CA,94704,,,2500,"Berkeley Open Data rax9-nuvx (TaxParcel2017, Alameda County use codes)"
addr_0186,1916 Yolo Ave,Berkeley,CA,94707,,,2500,"Berkeley Open Data rax9-nuvx (TaxParcel2017, Alameda County use codes)"
addr_0187,2511 Ellsworth St,Berkeley,CA,94704,,,2500,"Berkeley Open Data rax9-nuvx (TaxParcel2017, Alameda County use codes)"
addr_0188,2202 Blake St,Berkeley,CA,94704,,,2700,"Berkeley Open Data rax9-nuvx (TaxParcel2017, Alameda County use codes)"
addr_0189,2909 Adeline St,Berkeley,CA,94703,,,2600,"Berkeley Open Data rax9-nuvx (TaxParcel2017, Alameda County use codes)"
addr_0190,1917 Fairview St,Berkeley,CA,94703,,,2400,"Berkeley Open Data rax9-nuvx (TaxParcel2017, Alameda County use codes)"
addr_0191,3007 Shattuck Ave,Berkeley,CA,94705,,,2500,"Berkeley Open Data rax9-nuvx (TaxParcel2017, Alameda County use codes)"
addr_0192,6432 Benvenue Ave,Berkeley,CA,94618,,,2500,"Berkeley Open Data rax9-nuvx (TaxParcel2017, Alameda County use codes)"
addr_0193,2838 Fulton St,Berkeley,CA,94705,,,2400,"Berkeley Open Data rax9-nuvx (TaxParcel2017, Alameda County use codes)"
addr_0194,1600 M L King Jr Way,Berkeley,CA,94709,,,2500,"Berkeley Open Data rax9-nuvx (TaxParcel2017, Alameda County use codes)"
addr_0195,3037 College Ave,Berkeley,CA,94705,,,2400,"Berkeley Open Data rax9-nuvx (TaxParcel2017, Alameda County use codes)"
addr_0196,3215 King St,Berkeley,CA,94703,,,2500,"Berkeley Open Data rax9-nuvx (TaxParcel2017, Alameda County use codes)"
addr_0197,2454 Prince St,Berkeley,CA,94705,,,2500,"Berkeley Open Data rax9-nuvx (TaxParcel2017, Alameda County use codes)"
addr_0198,1836 Cedar St,Berkeley,CA,94703,,,2500,"Berkeley Open Data rax9-nuvx (TaxParcel2017, Alameda County use codes)"
addr_0199,2311 Mcgee Ave,Berkeley,CA,94703,,,2700,"Berkeley Open Data rax9-nuvx (TaxParcel2017, Alameda County use codes)"
addr_0200,2405 Sacramento St,Berkeley,CA,94702,,,2400,"Berkeley Open Data rax9-nuvx (TaxParcel2017, Alameda County use codes)"
addr_0201,1341 Milvia St,Berkeley,CA,94709,,,2500,"Berkeley Open Data rax9-nuvx (TaxParcel2017, Alameda County use codes)"
addr_0202,2415 7th St,Berkeley,CA,94710,,,2600,"Berkeley Open Data rax9-nuvx (TaxParcel2017, Alameda County use codes)"
addr_0203,2941 Harper St,Berkeley,CA,94703,,,2500,"Berkeley Open Data rax9-nuvx (TaxParcel2017, Alameda County use codes)"
addr_0204,2719 Woolsey St,Berkeley,CA,94705,,,2500,"Berkeley Open Data rax9-nuvx (TaxParcel2017, Alameda County use codes)"
addr_0205,1852 Virginia St,Berkeley,CA,94703,,,2500,"Berkeley Open Data rax9-nuvx (TaxParcel2017, Alameda County use codes)"
addr_0206,3132 King St,Berkeley,CA,94703,,,2500,"Berkeley Open Data rax9-nuvx (TaxParcel2017, Alameda County use codes)"
addr_0207,2303 Howe St,Berkeley,CA,94705,,,2400,"Berkeley Open Data rax9-nuvx (TaxParcel2017, Alameda County use codes)"
addr_0208,2424 Stuart St,Berkeley,CA,94705,,,2500,"Berkeley Open Data rax9-nuvx (TaxParcel2017, Alameda County use codes)"
addr_0209,186 Manhattan Ave,Jersey City,NJ,07307,1910,7,4C 3S-F-D-7U,"NJOGIS Parcels_Composite_NJ_WM (MOD-IV, class 4C) + NJ AddressPoints"
addr_0210,173 Webster Ave,Jersey City,NJ,07307,1880,5,4C 3S-CB+F-D-5U,"NJOGIS Parcels_Composite_NJ_WM (MOD-IV, class 4C) + NJ AddressPoints"
addr_0211,124 Virginia Ave,Jersey City,NJ,07304,,6,4C 3S-F-6U-NH-G,"NJOGIS Parcels_Composite_NJ_WM (MOD-IV, class 4C) + NJ AddressPoints"
addr_0212,466-468 Wayne St,Jersey City,NJ,07306,,15,4C 3S-B-A-15U-H,"NJOGIS Parcels_Composite_NJ_WM (MOD-IV, class 4C) + NJ AddressPoints"
addr_0213,344 St. Pauls Ave,Jersey City,NJ,07306,,6,4C 3S-F-D-6U,"NJOGIS Parcels_Composite_NJ_WM (MOD-IV, class 4C) + NJ AddressPoints"
addr_0214,75 Lake St,Jersey City,NJ,07306,1915,5,4C 2S-BT-B-D-5U,"NJOGIS Parcels_Composite_NJ_WM (MOD-IV, class 4C) + NJ AddressPoints"
addr_0215,268 Fairmount Ave,Jersey City,NJ,07306,,7,4C 3S-F-7U-H,"NJOGIS Parcels_Composite_NJ_WM (MOD-IV, class 4C) + NJ AddressPoints"
addr_0216,1 River Court,Jersey City,NJ,07310,1998,346,4C 32S-RC-346U,"NJOGIS Parcels_Composite_NJ_WM (MOD-IV, class 4C) + NJ AddressPoints"
addr_0217,574 Bergen Ave,Jersey City,NJ,07304,1928,40,4C 5S-B-A-40U,"NJOGIS Parcels_Composite_NJ_WM (MOD-IV, class 4C) + NJ AddressPoints"
addr_0218,15 Ravine Ave,Jersey City,NJ,07307,,6,4C 3S-F-D-6U,"NJOGIS Parcels_Composite_NJ_WM (MOD-IV, class 4C) + NJ AddressPoints"
addr_0219,42 Lienau Pl,Jersey City,NJ,07307,1965,,4C 2S-B-A-12UH6039,"NJOGIS Parcels_Composite_NJ_WM (MOD-IV, class 4C) + NJ AddressPoints"
addr_0220,304 Ege Ave,Jersey City,NJ,07304,1900,5,4C 3S-F-D-5U,"NJOGIS Parcels_Composite_NJ_WM (MOD-IV, class 4C) + NJ AddressPoints"
addr_0221,399 Union St,Jersey City,NJ,07304,,6,4C 3S-F-6U-NH,"NJOGIS Parcels_Composite_NJ_WM (MOD-IV, class 4C) + NJ AddressPoints"
addr_0222,76 Zabriskie St,Jersey City,NJ,07307,1900,12,4C 3S-F-A-12U,"NJOGIS Parcels_Composite_NJ_WM (MOD-IV, class 4C) + NJ AddressPoints"
addr_0223,53 Bostwick Ave,Jersey City,NJ,07305,1915,6,4C 3S-B-D-6U-H,"NJOGIS Parcels_Composite_NJ_WM (MOD-IV, class 4C) + NJ AddressPoints"
addr_0224,83 Bergen Ave,Jersey City,NJ,07305,1924,32,4C 4S-B-A-32U,"NJOGIS Parcels_Composite_NJ_WM (MOD-IV, class 4C) + NJ AddressPoints"
addr_0225,15 Pierce Ave,Jersey City,NJ,07307,1870,5,4C 3S-F-D-5U,"NJOGIS Parcels_Composite_NJ_WM (MOD-IV, class 4C) + NJ AddressPoints"
addr_0226,114 Arlington Ave,Jersey City,NJ,07305,1910,7,4C 3S-F-D-7U-NH,"NJOGIS Parcels_Composite_NJ_WM (MOD-IV, class 4C) + NJ AddressPoints"
addr_0227,336 New York Ave,Jersey City,NJ,07307,1900,6,4C 3S-F-D-6U-NH,"NJOGIS Parcels_Composite_NJ_WM (MOD-IV, class 4C) + NJ AddressPoints"
addr_0228,3139 Kennedy Blvd,Jersey City,NJ,07306,1928,21,4C 4S-B-A-21U-H,"NJOGIS Parcels_Composite_NJ_WM (MOD-IV, class 4C) + NJ AddressPoints"
addr_0229,53 Wright Ave,Jersey City,NJ,07306,,12,4C 3S-B-12U,"NJOGIS Parcels_Composite_NJ_WM (MOD-IV, class 4C) + NJ AddressPoints"
addr_0230,121 Sherman Ave,Jersey City,NJ,07307,1900,6,4C 3S-F-D-6U-NH,"NJOGIS Parcels_Composite_NJ_WM (MOD-IV, class 4C) + NJ AddressPoints"
addr_0231,66 Bleecker St,Jersey City,NJ,07307,1993,45,4C 6S-CB-45U,"NJOGIS Parcels_Composite_NJ_WM (MOD-IV, class 4C) + NJ AddressPoints"
addr_0232,187 Myrtle Ave,Jersey City,NJ,07305,,6,4C 3S-B-D-6U-NH,"NJOGIS Parcels_Composite_NJ_WM (MOD-IV, class 4C) + NJ AddressPoints"
addr_0233,114 Glenwood Ave,Jersey City,NJ,07306,,25,4C 4S-B-A-25U,"NJOGIS Parcels_Composite_NJ_WM (MOD-IV, class 4C) + NJ AddressPoints"
addr_0234,136-138 Grant Ave,Jersey City,NJ,07305,,21,4C 4S-B-A-21U-BG,"NJOGIS Parcels_Composite_NJ_WM (MOD-IV, class 4C) + NJ AddressPoints"
addr_0235,2348 Kennedy Blvd,Jersey City,NJ,07304,,25,4C 4S-B-A-25U,"NJOGIS Parcels_Composite_NJ_WM (MOD-IV, class 4C) + NJ AddressPoints"
addr_0236,94 Tonnele Ave,Jersey City,NJ,07306,1890,8,4C 4S-B-D-8U,"NJOGIS Parcels_Composite_NJ_WM (MOD-IV, class 4C) + NJ AddressPoints"
addr_0237,38 Wales Ave,Jersey City,NJ,07306,1900,6,4C 3S-F-D-6U-NH,"NJOGIS Parcels_Composite_NJ_WM (MOD-IV, class 4C) + NJ AddressPoints"
addr_0238,214-216 Seaview Ave,Jersey City,NJ,07305,1925,,4C 3S-BA-12UHA,"NJOGIS Parcels_Composite_NJ_WM (MOD-IV, class 4C) + NJ AddressPoints"
addr_0239,132 Booraem Ave,Jersey City,NJ,07307,1917,6,4C 3S-B-D-6U,"NJOGIS Parcels_Composite_NJ_WM (MOD-IV, class 4C) + NJ AddressPoints"
addr_0240,135 Hopkins Ave,Jersey City,NJ,07306,1890,12,4C 3S-F-D-12U-H,"NJOGIS Parcels_Composite_NJ_WM (MOD-IV, class 4C) + NJ AddressPoints"
addr_0241,308 Clerk St,Jersey City,NJ,07304,,5,4C 3S-BT-F-D-5U-H,"NJOGIS Parcels_Composite_NJ_WM (MOD-IV, class 4C) + NJ AddressPoints"
addr_0242,301 Halladay St,Jersey City,NJ,07304,1885,5,4C 3S-F-D-5U-NH,"NJOGIS Parcels_Composite_NJ_WM (MOD-IV, class 4C) + NJ AddressPoints"
addr_0243,569 Bergen Ave,Jersey City,NJ,07304,,34,4C 5S-B-A-34U-H-E,"NJOGIS Parcels_Composite_NJ_WM (MOD-IV, class 4C) + NJ AddressPoints"
addr_0244,128 Bayview Ave,Jersey City,NJ,07305,1890,6,4C 3S+BT-F-6U,"NJOGIS Parcels_Composite_NJ_WM (MOD-IV, class 4C) + NJ AddressPoints"
addr_0245,186-188 South St,Jersey City,NJ,07307,,24,4C 3S-F-A-24U-H,"NJOGIS Parcels_Composite_NJ_WM (MOD-IV, class 4C) + NJ AddressPoints"
addr_0246,107 Booraem Ave,Jersey City,NJ,07307,,8,4C 3S-BT-B-D-8U,"NJOGIS Parcels_Composite_NJ_WM (MOD-IV, class 4C) + NJ AddressPoints"
addr_0247,14 Skillman Ave,Jersey City,NJ,07306,1920,6,4C 3S-B-D-6U-NH,"NJOGIS Parcels_Composite_NJ_WM (MOD-IV, class 4C) + NJ AddressPoints"
addr_0248,383 Baldwin Ave,Jersey City,NJ,07306,,6,4C 3S-B-D-6U,"NJOGIS Parcels_Composite_NJ_WM (MOD-IV, class 4C) + NJ AddressPoints"
addr_0249,239-41 Fowler Ave,Jersey City,NJ,07305,,29,4C 4S-B-A-29U-H,"NJOGIS Parcels_Composite_NJ_WM (MOD-IV, class 4C) + NJ AddressPoints"
addr_0250,83 Bostwick Ave,Jersey City,NJ,07305,1917,6,4C 3S-B-D-6U,"NJOGIS Parcels_Composite_NJ_WM (MOD-IV, class 4C) + NJ AddressPoints"
addr_0251,272 Hutton St,Jersey City,NJ,07307,,35,4C 5S-B-A-35U-H,"NJOGIS Parcels_Composite_NJ_WM (MOD-IV, class 4C) + NJ AddressPoints"
addr_0252,281 Cator Ave,Jersey City,NJ,07305,,,4C 3S-F-D-6UNH-BG3,"NJOGIS Parcels_Composite_NJ_WM (MOD-IV, class 4C) + NJ AddressPoints"
addr_0253,834 Grand St,Jersey City,NJ,07304,,10,4C 4S-B-A-10U-H,"NJOGIS Parcels_Composite_NJ_WM (MOD-IV, class 4C) + NJ AddressPoints"
addr_0254,103 Lincoln St,Jersey City,NJ,07307,,6,4C 3S-F-6U-NH,"NJOGIS Parcels_Composite_NJ_WM (MOD-IV, class 4C) + NJ AddressPoints"
addr_0255,146 Seaview Ave,Jersey City,NJ,07305,1890,6,4C 3S-B-D-6U,"NJOGIS Parcels_Composite_NJ_WM (MOD-IV, class 4C) + NJ AddressPoints"
addr_0256,78 Summit Ave,Jersey City,NJ,07304,1915,17,4C 2S-B-17U,"NJOGIS Parcels_Composite_NJ_WM (MOD-IV, class 4C) + NJ AddressPoints"
addr_0257,126 Randolph Ave,Jersey City,NJ,07305,1900,7,4C 3S-BT-F-D-7U,"NJOGIS Parcels_Composite_NJ_WM (MOD-IV, class 4C) + NJ AddressPoints"
addr_0258,245 Van Vorst St,Jersey City,NJ,07302,1910,24,4C 5S-B-A-24U,"NJOGIS Parcels_Composite_NJ_WM (MOD-IV, class 4C) + NJ AddressPoints"
addr_0259,153 St. Pauls Ave,Jersey City,NJ,07306,,6,4C 3S-F-D-6U-NH,"NJOGIS Parcels_Composite_NJ_WM (MOD-IV, class 4C) + NJ AddressPoints"
addr_0260,464 Monmouth St,Jersey City,NJ,07302,1900,8,4C 4S-B-D-8U-NH,"NJOGIS Parcels_Composite_NJ_WM (MOD-IV, class 4C) + NJ AddressPoints"
addr_0261,611 Park Ave,Hoboken,NJ,07030,,6,4C 4B-6U-H-BA,"NJOGIS Parcels_Composite_NJ_WM (MOD-IV, class 4C) + NJ AddressPoints"
addr_0262,923 Park Ave,Hoboken,NJ,07030,,10,4C 5B-10U-H,"NJOGIS Parcels_Composite_NJ_WM (MOD-IV, class 4C) + NJ AddressPoints"
addr_0263,404 Adams St,Hoboken,NJ,07030,,8,4C 4B-9U-BA,"NJOGIS Parcels_Composite_NJ_WM (MOD-IV, class 4C) + NJ AddressPoints"
addr_0264,1032 Hudson St,Hoboken,NJ,07030,,11,4C 5B-11U-H-BA-G,"NJOGIS Parcels_Composite_NJ_WM (MOD-IV, class 4C) + NJ AddressPoints"
addr_0265,501-23 Clinton St,Hoboken,NJ,07030,,134,4C 10CB-134U-PS,"NJOGIS Parcels_Composite_NJ_WM (MOD-IV, class 4C) + NJ AddressPoints"
addr_0266,227 Grand St,Hoboken,NJ,07030,,5,4C 5B-5U-H-(CO-OP),"NJOGIS Parcels_Composite_NJ_WM (MOD-IV, class 4C) + NJ AddressPoints"
addr_0267,911-923 Clinton St,Hoboken,NJ,07030,,90,"4C 2,5B-90U-H-BA","NJOGIS Parcels_Composite_NJ_WM (MOD-IV, class 4C) + NJ AddressPoints"
addr_0268,600 Willow Ave,Hoboken,NJ,07030,,10,4C 5B-10U-H-BA,"NJOGIS Parcels_Composite_NJ_WM (MOD-IV, class 4C) + NJ AddressPoints"
addr_0269,206 Bloomfield St,Hoboken,NJ,07030,,14,4C 5B-14U-H-BA,"NJOGIS Parcels_Composite_NJ_WM (MOD-IV, class 4C) + NJ AddressPoints"
addr_0270,842 Park Ave,Hoboken,NJ,07030,,10,4C 5B-10U-H-BA,"NJOGIS Parcels_Composite_NJ_WM (MOD-IV, class 4C) + NJ AddressPoints"
addr_0271,731-33 Jefferson St,Hoboken,NJ,07030,,11,4C 5B-11U-G,"NJOGIS Parcels_Composite_NJ_WM (MOD-IV, class 4C) + NJ AddressPoints"
addr_0272,807 Park Ave,Hoboken,NJ,07030,,10,4C 5B-10U-BA,"NJOGIS Parcels_Composite_NJ_WM (MOD-IV, class 4C) + NJ AddressPoints"
addr_0273,908 Park Ave,Hoboken,NJ,07030,1880,5,4C 4B-5U-X-H-BA,"NJOGIS Parcels_Composite_NJ_WM (MOD-IV, class 4C) + NJ AddressPoints"
addr_0274,1231 Park Ave,Hoboken,NJ,07030,,11,4C 5B-11U-H-BA,"NJOGIS Parcels_Composite_NJ_WM (MOD-IV, class 4C) + NJ AddressPoints"
addr_0275,1253 Bloomfield St,Hoboken,NJ,07030,,26,4C 5B-R-26U-H,"NJOGIS Parcels_Composite_NJ_WM (MOD-IV, class 4C) + NJ AddressPoints"
addr_0276,909 Hudson St,Hoboken,NJ,07030,1901,6,4C 4B-6U,"NJOGIS Parcels_Composite_NJ_WM (MOD-IV, class 4C) + NJ AddressPoints"
addr_0277,132 Jefferson St,Hoboken,NJ,07030,,7,4C 4B-7U,"NJOGIS Parcels_Composite_NJ_WM (MOD-IV, class 4C) + NJ AddressPoints"
addr_0278,232-234 Hudson St Rear230,Hoboken,NJ,07030,,26,4C 4B-26U,"NJOGIS Parcels_Composite_NJ_WM (MOD-IV, class 4C) + NJ AddressPoints"
addr_0279,85 Madison St,Hoboken,NJ,07030,1999,25,4C 6B-25U-G,"NJOGIS Parcels_Composite_NJ_WM (MOD-IV, class 4C) + NJ AddressPoints"
addr_0280,400 Monroe St,Hoboken,NJ,07030,,7,4C 4F-7U-H,"NJOGIS Parcels_Composite_NJ_WM (MOD-IV, class 4C) + NJ AddressPoints"
addr_0281,224 River 235 Hudson,Hoboken,NJ,07030,,115,4C 12B-115U-4C-G,"NJOGIS Parcels_Composite_NJ_WM (MOD-IV, class 4C) + NJ AddressPoints"
addr_0282,405 Monroe St,Hoboken,NJ,07030,,5,4C 3F-5U-H-(LE),"NJOGIS Parcels_Composite_NJ_WM (MOD-IV, class 4C) + NJ AddressPoints"
addr_0283,1401 Hudson St,Hoboken,NJ,07030,2010,93,4C 13B-93U-2C-G,"NJOGIS Parcels_Composite_NJ_WM (MOD-IV, class 4C) + NJ AddressPoints"
addr_0284,321 Willow Ave,Hoboken,NJ,07030,,12,4C 5B-12U-BA,"NJOGIS Parcels_Composite_NJ_WM (MOD-IV, class 4C) + NJ AddressPoints"
addr_0285,619 Adams St,Hoboken,NJ,07030,,40,4C 5B-40U-38PS,"NJOGIS Parcels_Composite_NJ_WM (MOD-IV, class 4C) + NJ AddressPoints"
addr_0286,719 Clinton St,Hoboken,NJ,07030,,19,4C 5B-19U-H-BA,"NJOGIS Parcels_Composite_NJ_WM (MOD-IV, class 4C) + NJ AddressPoints"
addr_0287,931 Garden St,Hoboken,NJ,07030,,10,4C 5B-10U-BA,"NJOGIS Parcels_Composite_NJ_WM (MOD-IV, class 4C) + NJ AddressPoints"
addr_0288,205 Madison St,Hoboken,NJ,07030,2002,16,4C 5B-16U-G,"NJOGIS Parcels_Composite_NJ_WM (MOD-IV, class 4C) + NJ AddressPoints"
addr_0289,923 Willow Ave,Hoboken,NJ,07030,,10,4C 5B-10U-BA,"NJOGIS Parcels_Composite_NJ_WM (MOD-IV, class 4C) + NJ AddressPoints"
addr_0290,614 Second St,Hoboken,NJ,07030,,6,4C 3F-6U-X,"NJOGIS Parcels_Composite_NJ_WM (MOD-IV, class 4C) + NJ AddressPoints"
addr_0291,308 Madison St,Hoboken,NJ,07030,,10,4C 5B-10U-H-BA,"NJOGIS Parcels_Composite_NJ_WM (MOD-IV, class 4C) + NJ AddressPoints"
addr_0292,721 Willow Ave,Hoboken,NJ,07030,,10,4C 5B-10U-X-BA,"NJOGIS Parcels_Composite_NJ_WM (MOD-IV, class 4C) + NJ AddressPoints"
addr_0293,2 Fourteenth/1401 Shipyrd,Hoboken,NJ,07030,2006,127,4C 12B-127U/133U,"NJOGIS Parcels_Composite_NJ_WM (MOD-IV, class 4C) + NJ AddressPoints"
addr_0294,919 Willow Ave,Hoboken,NJ,07030,,10,4C 5B-10U-BA,"NJOGIS Parcels_Composite_NJ_WM (MOD-IV, class 4C) + NJ AddressPoints"
addr_0295,652-658 First St,Hoboken,NJ,07030,,31,4C 5B-31U-G,"NJOGIS Parcels_Composite_NJ_WM (MOD-IV, class 4C) + NJ AddressPoints"
addr_0296,925 Garden St,Hoboken,NJ,07030,,10,4C 5B-10U-H-BA,"NJOGIS Parcels_Composite_NJ_WM (MOD-IV, class 4C) + NJ AddressPoints"
addr_0297,78 Jefferson St,Hoboken,NJ,07030,2000,23,4C 6B-23U-G,"NJOGIS Parcels_Composite_NJ_WM (MOD-IV, class 4C) + NJ AddressPoints"
addr_0298,510-14 Fourth St/406-Jeff,Hoboken,NJ,07030,2002,68,4C 5B-68U-G,"NJOGIS Parcels_Composite_NJ_WM (MOD-IV, class 4C) + NJ AddressPoints"
addr_0299,250-262 11th St,Hoboken,NJ,07030,,48,"4C 3,5B-48U-H-BA","NJOGIS Parcels_Composite_NJ_WM (MOD-IV, class 4C) + NJ AddressPoints"
addr_0300,529 Jefferson St,Hoboken,NJ,07030,,8,4C 4F-8U-BA,"NJOGIS Parcels_Composite_NJ_WM (MOD-IV, class 4C) + NJ AddressPoints"
addr_0301,602 Park Ave,Hoboken,NJ,07030,,10,4C 5B-10U-BA,"NJOGIS Parcels_Composite_NJ_WM (MOD-IV, class 4C) + NJ AddressPoints"
addr_0302,234 Park Ave,Hoboken,NJ,07030,,20,4C 5B-20U-BA,"NJOGIS Parcels_Composite_NJ_WM (MOD-IV, class 4C) + NJ AddressPoints"
addr_0303,709 Willow Ave,Hoboken,NJ,07030,,10,4C 5B-10U-X-BA,"NJOGIS Parcels_Composite_NJ_WM (MOD-IV, class 4C) + NJ AddressPoints"
addr_0304,637 Garden St,Hoboken,NJ,07030,,8,4C 3B-6U/2B-2U,"NJOGIS Parcels_Composite_NJ_WM (MOD-IV, class 4C) + NJ AddressPoints"
addr_0305,521 Madison St,Hoboken,NJ,07030,,6,4C 4B-6U-H,"NJOGIS Parcels_Composite_NJ_WM (MOD-IV, class 4C) + NJ AddressPoints"
addr_0306,929 Willow Ave,Hoboken,NJ,07030,,11,4C 5B-11U-BA,"NJOGIS Parcels_Composite_NJ_WM (MOD-IV, class 4C) + NJ AddressPoints"
addr_0307,1020 Park Ave,Hoboken,NJ,07030,,10,4C 5B-10U-BA,"NJOGIS Parcels_Composite_NJ_WM (MOD-IV, class 4C) + NJ AddressPoints"
addr_0308,120 Jackson St,Hoboken,NJ,07030,,6,4C 3F-6U-BA,"NJOGIS Parcels_Composite_NJ_WM (MOD-IV, class 4C) + NJ AddressPoints"
addr_0309,201-205 Clinton St,Hoboken,NJ,07030,1999,9,4C 4B-9U-G,"NJOGIS Parcels_Composite_NJ_WM (MOD-IV, class 4C) + NJ AddressPoints"
addr_0310,312 Monroe St,Hoboken,NJ,07030,,8,4C 4F-8U,"NJOGIS Parcels_Composite_NJ_WM (MOD-IV, class 4C) + NJ AddressPoints"
addr_0311,91 Grand St,Hoboken,NJ,07030,,5,4C 4B-5U-H,"NJOGIS Parcels_Composite_NJ_WM (MOD-IV, class 4C) + NJ AddressPoints"
addr_0312,318 Jefferson St,Hoboken,NJ,07030,,8,4C 4B-8U,"NJOGIS Parcels_Composite_NJ_WM (MOD-IV, class 4C) + NJ AddressPoints"
addr_0313,683-689 Elizabeth Ave,Newark,NJ,07112,,,4C 5SB,"NJOGIS Parcels_Composite_NJ_WM (MOD-IV, class 4C) + NJ AddressPoints"
addr_0314,98 Stone St,Newark,NJ,07104,,,4C 2SB,"NJOGIS Parcels_Composite_NJ_WM (MOD-IV, class 4C) + NJ AddressPoints"
addr_0315,14-22 Treadwell St,Newark,NJ,07104,1900,,4C 2SB,"NJOGIS Parcels_Composite_NJ_WM (MOD-IV, class 4C) + NJ AddressPoints"
addr_0316,53 Fleming Ave,Newark,NJ,07105,1912,,4C 3S.F.,"NJOGIS Parcels_Composite_NJ_WM (MOD-IV, class 4C) + NJ AddressPoints"
addr_0317,197-199 Schuyler Ave,Newark,NJ,07112,,,4C 3SB,"NJOGIS Parcels_Composite_NJ_WM (MOD-IV, class 4C) + NJ AddressPoints"
addr_0318,218-228 Chancellor Ave,Newark,NJ,07112,,,4C 3SB,"NJOGIS Parcels_Composite_NJ_WM (MOD-IV, class 4C) + NJ AddressPoints"
addr_0319,46-50 Carteret St,Newark,NJ,07104,,,4C 2SB,"NJOGIS Parcels_Composite_NJ_WM (MOD-IV, class 4C) + NJ AddressPoints"
addr_0320,103-117 Lincoln Ave,Newark,NJ,07104,,,4C 2SB,"NJOGIS Parcels_Composite_NJ_WM (MOD-IV, class 4C) + NJ AddressPoints"
addr_0321,274-276 Roseville Ave,Newark,NJ,07107,1910,,4C 1.5SF,"NJOGIS Parcels_Composite_NJ_WM (MOD-IV, class 4C) + NJ AddressPoints"
addr_0322,108-136 Ml King Blvd,Newark,NJ,07104,1900,,4C 22SSS,"NJOGIS Parcels_Composite_NJ_WM (MOD-IV, class 4C) + NJ AddressPoints"
addr_0323,46 Thomas St,Newark,NJ,07114,,,4C 3SB,"NJOGIS Parcels_Composite_NJ_WM (MOD-IV, class 4C) + NJ AddressPoints"
addr_0324,625-627 Ferry St,Newark,NJ,07105,,,4C 3SF,"NJOGIS Parcels_Composite_NJ_WM (MOD-IV, class 4C) + NJ AddressPoints"
addr_0325,5-9 Romaine Pl,Newark,NJ,07104,,,4C 3SB,"NJOGIS Parcels_Composite_NJ_WM (MOD-IV, class 4C) + NJ AddressPoints"
addr_0326,708 Summer Ave,Newark,NJ,07104,,,4C 3SF,"NJOGIS Parcels_Composite_NJ_WM (MOD-IV, class 4C) + NJ AddressPoints"
addr_0327,279-285 Mt Prospect Ave,Newark,NJ,07104,,,4C 4SB,"NJOGIS Parcels_Composite_NJ_WM (MOD-IV, class 4C) + NJ AddressPoints"
addr_0328,205 Parkhurst St,Newark,NJ,07114,,,4C 3SB,"NJOGIS Parcels_Composite_NJ_WM (MOD-IV, class 4C) + NJ AddressPoints"
addr_0329,284 E Kinney St,Newark,NJ,07105,,,4C 3SB,"NJOGIS Parcels_Composite_NJ_WM (MOD-IV, class 4C) + NJ AddressPoints"
addr_0330,590 S 18th St,Newark,NJ,07103,,,4C 3SF,"NJOGIS Parcels_Composite_NJ_WM (MOD-IV, class 4C) + NJ AddressPoints"
addr_0331,63-65 Monroe St,Newark,NJ,07105,,,4C 4S.B.,"NJOGIS Parcels_Composite_NJ_WM (MOD-IV, class 4C) + NJ AddressPoints"
addr_0332,108 Ferguson St,Newark,NJ,07105,1910,4,4C 2S.B.,"NJOGIS Parcels_Composite_NJ_WM (MOD-IV, class 4C) + NJ AddressPoints"
addr_0333,133-135 Adams St,Newark,NJ,07105,,,4C 4SB2UG,"NJOGIS Parcels_Composite_NJ_WM (MOD-IV, class 4C) + NJ AddressPoints"
addr_0334,447-449 5th St,Newark,NJ,07107,,,4C 4SB,"NJOGIS Parcels_Composite_NJ_WM (MOD-IV, class 4C) + NJ AddressPoints"
addr_0335,85-147 Prince St,Newark,NJ,07103,,,4C,"NJOGIS Parcels_Composite_NJ_WM (MOD-IV, class 4C) + NJ AddressPoints"
addr_0336,638 S 13th St,Newark,NJ,07103,,,4C 3SB,"NJOGIS Parcels_Composite_NJ_WM (MOD-IV, class 4C) + NJ AddressPoints"
addr_0337,129-149 Chancellor Ave,Newark,NJ,07112,,,4C 3SB,"NJOGIS Parcels_Composite_NJ_WM (MOD-IV, class 4C) + NJ AddressPoints"
addr_0338,430-438 Walnut St,Newark,NJ,07105,,,4C 3SB4UG,"NJOGIS Parcels_Composite_NJ_WM (MOD-IV, class 4C) + NJ AddressPoints"
addr_0339,247-249 Malvern St,Newark,NJ,07105,,,4C 2SB,"NJOGIS Parcels_Composite_NJ_WM (MOD-IV, class 4C) + NJ AddressPoints"
addr_0340,443-461 Elizabeth Ave,Newark,NJ,07112,,,4C,"NJOGIS Parcels_Composite_NJ_WM (MOD-IV, class 4C) + NJ AddressPoints"
addr_0341,373-375 N 6th St,Newark,NJ,07107,,,4C 3SF,"NJOGIS Parcels_Composite_NJ_WM (MOD-IV, class 4C) + NJ AddressPoints"
addr_0342,519 S 17th St,Newark,NJ,07103,,,4C,"NJOGIS Parcels_Composite_NJ_WM (MOD-IV, class 4C) + NJ AddressPoints"
addr_0343,153-155 Sunset Ave,Newark,NJ,07106,1920,,4C 2SF2UG,"NJOGIS Parcels_Composite_NJ_WM (MOD-IV, class 4C) + NJ AddressPoints"
addr_0344,225-227 Sunset Ave,Newark,NJ,07106,1920,,4C 2SF2UG,"NJOGIS Parcels_Composite_NJ_WM (MOD-IV, class 4C) + NJ AddressPoints"
addr_0345,361-363 Badger Ave,Newark,NJ,07112,,,4C 3SF2UG,"NJOGIS Parcels_Composite_NJ_WM (MOD-IV, class 4C) + NJ AddressPoints"
addr_0346,348-350 New York Ave,Newark,NJ,07105,,,4C 3SF,"NJOGIS Parcels_Composite_NJ_WM (MOD-IV, class 4C) + NJ AddressPoints"
addr_0347,63 Norfolk St,Newark,NJ,07103,,,4C 3SF,"NJOGIS Parcels_Composite_NJ_WM (MOD-IV, class 4C) + NJ AddressPoints"
addr_0348,329 Oliver St,Newark,NJ,07105,,,4C 3SF,"NJOGIS Parcels_Composite_NJ_WM (MOD-IV, class 4C) + NJ AddressPoints"
addr_0349,464-466 Summer Ave,Newark,NJ,07104,1910,,4C 2.5SF,"NJOGIS Parcels_Composite_NJ_WM (MOD-IV, class 4C) + NJ AddressPoints"
addr_0350,383-385 Avon Ave,Newark,NJ,07108,,,4C 3SB5UG,"NJOGIS Parcels_Composite_NJ_WM (MOD-IV, class 4C) + NJ AddressPoints"
addr_0351,246-248 Oliver St,Newark,NJ,07105,,,4C 4SB,"NJOGIS Parcels_Composite_NJ_WM (MOD-IV, class 4C) + NJ AddressPoints"
addr_0352,777-783 Sandford Ave,Newark,NJ,07106,,,4C 3SB10UG,"NJOGIS Parcels_Composite_NJ_WM (MOD-IV, class 4C) + NJ AddressPoints"
addr_0353,86 Napoleon St,Newark,NJ,07105,,,4C 4SB,"NJOGIS Parcels_Composite_NJ_WM (MOD-IV, class 4C) + NJ AddressPoints"
addr_0354,42-44 Tillinghast St,Newark,NJ,07108,,,4C 3SF3UG,"NJOGIS Parcels_Composite_NJ_WM (MOD-IV, class 4C) + NJ AddressPoints"
addr_0355,150 South St,Newark,NJ,07114,,,4C 3SB,"NJOGIS Parcels_Composite_NJ_WM (MOD-IV, class 4C) + NJ AddressPoints"
addr_0356,26-28 Cottage St,Newark,NJ,07102,,,4C 2SF2UG,"NJOGIS Parcels_Composite_NJ_WM (MOD-IV, class 4C) + NJ AddressPoints"
addr_0357,114 Chapel St,Newark,NJ,07105,1847,3,4C 3SF3UG,"NJOGIS Parcels_Composite_NJ_WM (MOD-IV, class 4C) + NJ AddressPoints"
addr_0358,101 Camden St,Newark,NJ,07103,,,4C 3SF,"NJOGIS Parcels_Composite_NJ_WM (MOD-IV, class 4C) + NJ AddressPoints"
addr_0359,10 Fleming Ave,Newark,NJ,07105,,,4C 3S.F.4UG,"NJOGIS Parcels_Composite_NJ_WM (MOD-IV, class 4C) + NJ AddressPoints"
addr_0360,263-265 Elm St,Newark,NJ,07105,,,4C 3SF1UG,"NJOGIS Parcels_Composite_NJ_WM (MOD-IV, class 4C) + NJ AddressPoints"
addr_0361,138 South St,Newark,NJ,07114,,,4C 3SB,"NJOGIS Parcels_Composite_NJ_WM (MOD-IV, class 4C) + NJ AddressPoints"
addr_0362,646-648 N 6th St,Newark,NJ,07107,,,4C,"NJOGIS Parcels_Composite_NJ_WM (MOD-IV, class 4C) + NJ AddressPoints"
addr_0363,133 Walnut St,Newark,NJ,07105,,,4C 3SF,"NJOGIS Parcels_Composite_NJ_WM (MOD-IV, class 4C) + NJ AddressPoints"
addr_0364,153-155 Smith St,Newark,NJ,07106,,,4C 3SF,"NJOGIS Parcels_Composite_NJ_WM (MOD-IV, class 4C) + NJ AddressPoints"
addr_0365,71 Joy St,Boston,MA,02114,1875,,R4: APT 4-6 UNITS,Analyze Boston property-assessment FY2026 (ee73430d)
addr_0366,568 Warren St,Dorchester,MA,02121,1920,,A: SUBSD HOUSING S- 8,Analyze Boston property-assessment FY2026 (ee73430d)
addr_0367,2 Tupelo St,Roxbury,MA,02119,1935,,R4: APT 4-6 UNITS,Analyze Boston property-assessment FY2026 (ee73430d)
addr_0368,84 Chandler St,Boston,MA,02116,1899,,A: APT 7-30 UNITS,Analyze Boston property-assessment FY2026 (ee73430d)
addr_0369,5 Phillips St,Boston,MA,02114,1899,,R4: APT 4-6 UNITS,Analyze Boston property-assessment FY2026 (ee73430d)
addr_0370,6 Lesher St,Roslindale,MA,02131,1920,,R4: APT 4-6 UNITS,Analyze Boston property-assessment FY2026 (ee73430d)
addr_0371,120 Pleasant St,Dorchester,MA,02125,1910,,R4: APT 4-6 UNITS,Analyze Boston property-assessment FY2026 (ee73430d)
addr_0372,56 Selkirk Rd,Brighton,MA,02135,1930,,A: APT 7-30 UNITS,Analyze Boston property-assessment FY2026 (ee73430d)
addr_0373,408 E Eighth St,South Boston,MA,02127,2015,,A: APT 7-30 UNITS,Analyze Boston property-assessment FY2026 (ee73430d)
addr_0374,50 St Margaret St,Dorchester,MA,02125,2016,,A: LUXURY APARTMENT,Analyze Boston property-assessment FY2026 (ee73430d)
addr_0375,3 Quincy Ct,Boston,MA,02113,1899,,R4: APT 4-6 UNITS,Analyze Boston property-assessment FY2026 (ee73430d)
addr_0376,142 Calumet St,Roxbury Crossing,MA,02120,1906,,R4: APT 4-6 UNITS,Analyze Boston property-assessment FY2026 (ee73430d)
addr_0377,49 S Russell St,Boston,MA,02114,1899,,A: APT 7-30 UNITS,Analyze Boston property-assessment FY2026 (ee73430d)
addr_0378,42 Grove St,Boston,MA,02114,1900,,A: APT 7-30 UNITS,Analyze Boston property-assessment FY2026 (ee73430d)
addr_0379,116 River St,Mattapan,MA,02126,1970,,A: APT 7-30 UNITS,Analyze Boston property-assessment FY2026 (ee73430d)
addr_0380,9 Woodward St,South Boston,MA,02127,1920,,A: SUBSD HOUSING S- 8,Analyze Boston property-assessment FY2026 (ee73430d)
addr_0381,65 Tremont St,Brighton,MA,02135,1899,,R4: APT 4-6 UNITS,Analyze Boston property-assessment FY2026 (ee73430d)
addr_0382,345 E St,South Boston,MA,02127,1900,,R4: APT 4-6 UNITS,Analyze Boston property-assessment FY2026 (ee73430d)
addr_0383,81 Beacon St,Boston,MA,02108,1926,,A: APT 7-30 UNITS,Analyze Boston property-assessment FY2026 (ee73430d)
addr_0384,397 Commonwealth Av,Boston,MA,02215,1899,,A: LUXURY APARTMENT,Analyze Boston property-assessment FY2026 (ee73430d)
addr_0385,14 Oxford St,Boston,MA,02111,1900,,A: SUBSD HOUSING S- 8,Analyze Boston property-assessment FY2026 (ee73430d)
addr_0386,84 Falcon St,East Boston,MA,02128,1920,,R4: APT 4-6 UNITS,Analyze Boston property-assessment FY2026 (ee73430d)
addr_0387,1126 Commonwealth Av,Allston,MA,02134,1899,,A: APT 7-30 UNITS,Analyze Boston property-assessment FY2026 (ee73430d)
addr_0388,444 Geneva St,Dorchester,MA,02122,1905,,A: SUBSD HOUSING S- 8,Analyze Boston property-assessment FY2026 (ee73430d)
addr_0389,11 Trenton St,East Boston,MA,02128,1900,,R4: APT 4-6 UNITS,Analyze Boston property-assessment FY2026 (ee73430d)
addr_0390,92 Everett St,East Boston,MA,02128,1900,,R4: APT 4-6 UNITS,Analyze Boston property-assessment FY2026 (ee73430d)
addr_0391,11 Church St,Boston,MA,02116,1915,,R4: APT 4-6 UNITS,Analyze Boston property-assessment FY2026 (ee73430d)
addr_0392,39 Charter St,Boston,MA,02113,1899,,A: APT 7-30 UNITS,Analyze Boston property-assessment FY2026 (ee73430d)
addr_0393,595 Dudley St,Dorchester,MA,02125,1899,,A: SUBSD HOUSING S- 8,Analyze Boston property-assessment FY2026 (ee73430d)
addr_0394,272 Wood Av,Hyde Park,MA,02136,1920,,R4: APT 4-6 UNITS,Analyze Boston property-assessment FY2026 (ee73430d)
addr_0395,217 E Berkeley St,Boston,MA,02118,1900,,R4: APT 4-6 UNITS,Analyze Boston property-assessment FY2026 (ee73430d)
addr_0396,355 Harvard St,Dorchester,MA,02124,2004,,A: SUBSD HOUSING S- 8,Analyze Boston property-assessment FY2026 (ee73430d)
addr_0397,158 Boylston St,Jamaica Plain,MA,02130,1910,,R4: APT 4-6 UNITS,Analyze Boston property-assessment FY2026 (ee73430d)
addr_0398,326 Shawmut Av,Boston,MA,02118,1899,,R4: APT 4-6 UNITS,Analyze Boston property-assessment FY2026 (ee73430d)
addr_0399,45 Magnolia St,Dorchester,MA,02125,1900,,A: ROOMING HOUSE,Analyze Boston property-assessment FY2026 (ee73430d)
addr_0400,40 Cunard St,Roxbury Crossing,MA,02120,1899,,A: APT 7-30 UNITS,Analyze Boston property-assessment FY2026 (ee73430d)
addr_0401,77 Lubec St,East Boston,MA,02128,1913,,A: APT 7-30 UNITS,Analyze Boston property-assessment FY2026 (ee73430d)
addr_0402,62 Clarendon St,Boston,MA,02116,1899,,A: APT 7-30 UNITS,Analyze Boston property-assessment FY2026 (ee73430d)
addr_0403,475 Columbia Rd,Dorchester,MA,02125,1930,,A: SUBSD HOUSING S- 8,Analyze Boston property-assessment FY2026 (ee73430d)
addr_0404,133 St Alphonsus St,Roxbury Crossing,MA,02120,1895,,R4: APT 4-6 UNITS,Analyze Boston property-assessment FY2026 (ee73430d)
addr_0405,9 Winship St,Brighton,MA,02135,1900,,A: APT 7-30 UNITS,Analyze Boston property-assessment FY2026 (ee73430d)
addr_0406,17 Verrill St,Mattapan,MA,02126,1905,,R4: APT 4-6 UNITS,Analyze Boston property-assessment FY2026 (ee73430d)
addr_0407,7 Fenwood Rd,Boston,MA,02115,1900,,A: SUBSD HOUSING S- 8,Analyze Boston property-assessment FY2026 (ee73430d)
addr_0408,419 Massachusetts Av,South Boston,MA,02127,1910,,A: SUBSD HOUSING S- 8,Analyze Boston property-assessment FY2026 (ee73430d)
addr_0409,748 E Fourth St,South Boston,MA,02127,1920,,R4: APT 4-6 UNITS,Analyze Boston property-assessment FY2026 (ee73430d)
addr_0410,262 Lincoln St,Allston,MA,02134,1910,,R4: APT 4-6 UNITS,Analyze Boston property-assessment FY2026 (ee73430d)
addr_0411,50 Lewis St,Boston,MA,02113,1895,,A: APT 7-30 UNITS,Analyze Boston property-assessment FY2026 (ee73430d)
addr_0412,119 Appleton St,Boston,MA,02116,1900,,R4: APT 4-6 UNITS,Analyze Boston property-assessment FY2026 (ee73430d)
addr_0413,35 Warren Av,Boston,MA,02116,1899,,A: SUBSD HOUSING S- 8,Analyze Boston property-assessment FY2026 (ee73430d)
addr_0414,120 Humboldt Av,Dorchester,MA,02121,1980,,A: SUBSD HOUSING S- 8,Analyze Boston property-assessment FY2026 (ee73430d)
addr_0415,37 Joy St,Boston,MA,02114,1899,,A: APT 7-30 UNITS,Analyze Boston property-assessment FY2026 (ee73430d)
addr_0416,12 E Springfield St,Boston,MA,02118,1910,,R4: APT 4-6 UNITS,Analyze Boston property-assessment FY2026 (ee73430d)
addr_0417,92 Ellery St,Cambridge,MA,02138,1975,11,112 >8-UNIT-APT,Cambridge Open Data eey2-rv59 (Property Database FY2026)
addr_0418,24 Eighth St,Cambridge,MA,02141,1910,5,111 4-8-UNIT-APT,Cambridge Open Data eey2-rv59 (Property Database FY2026)
addr_0419,17 Plymouth St,Cambridge,MA,02141,1910,6,111 4-8-UNIT-APT,Cambridge Open Data eey2-rv59 (Property Database FY2026)
addr_0420,206 Otis St,Cambridge,MA,02139,1880,8,114 AFFORDABLE APT,Cambridge Open Data eey2-rv59 (Property Database FY2026)
addr_0421,130 Cushing St,Cambridge,MA,02138,1871,4,111 4-8-UNIT-APT,Cambridge Open Data eey2-rv59 (Property Database FY2026)
addr_0422,11 Ellery St,Cambridge,MA,02138,1910,19,112 >8-UNIT-APT,Cambridge Open Data eey2-rv59 (Property Database FY2026)
addr_0423,102 Trowbridge St,Cambridge,MA,02138,1900,6,111 4-8-UNIT-APT,Cambridge Open Data eey2-rv59 (Property Database FY2026)
addr_0424,11 Ware St,Cambridge,MA,02138,1929,98,112 >8-UNIT-APT,Cambridge Open Data eey2-rv59 (Property Database FY2026)
addr_0425,72 Elm St,Cambridge,MA,02139,1915,6,114 AFFORDABLE APT,Cambridge Open Data eey2-rv59 (Property Database FY2026)
addr_0426,44 Pleasant St,Cambridge,MA,02139,1920,4,111 4-8-UNIT-APT,Cambridge Open Data eey2-rv59 (Property Database FY2026)
addr_0427,16 Mellen St,Cambridge,MA,02138,1886,6,111 4-8-UNIT-APT,Cambridge Open Data eey2-rv59 (Property Database FY2026)
addr_0428,120 Columbia St,Cambridge,MA,02139,1920,6,111 4-8-UNIT-APT,Cambridge Open Data eey2-rv59 (Property Database FY2026)
addr_0429,166 Webster Ave,Cambridge,MA,02141,1910,4,111 4-8-UNIT-APT,Cambridge Open Data eey2-rv59 (Property Database FY2026)
addr_0430,364 Harvard St,Cambridge,MA,02138,1905,15,112 >8-UNIT-APT,Cambridge Open Data eey2-rv59 (Property Database FY2026)
addr_0431,353 Harvard St,Cambridge,MA,02138,1920,26,112 >8-UNIT-APT,Cambridge Open Data eey2-rv59 (Property Database FY2026)
addr_0432,10 Jay St,Cambridge,MA,02141,1902,4,111 4-8-UNIT-APT,Cambridge Open Data eey2-rv59 (Property Database FY2026)
addr_0433,4 Ellsworth Ave,Cambridge,MA,02139,1930,11,112 >8-UNIT-APT,Cambridge Open Data eey2-rv59 (Property Database FY2026)
addr_0434,122 Gore St,Cambridge,MA,02141,1900,4,111 4-8-UNIT-APT,Cambridge Open Data eey2-rv59 (Property Database FY2026)
addr_0435,35 Harding St,Cambridge,MA,02141,1910,5,111 4-8-UNIT-APT,Cambridge Open Data eey2-rv59 (Property Database FY2026)
addr_0436,227 Charles St,Cambridge,MA,02141,1920,6,111 4-8-UNIT-APT,Cambridge Open Data eey2-rv59 (Property Database FY2026)
addr_0437,140 Magazine St,Cambridge,MA,02139,1910,15,112 >8-UNIT-APT,Cambridge Open Data eey2-rv59 (Property Database FY2026)
addr_0438,224 Norfolk St,Cambridge,MA,02139,1920,6,111 4-8-UNIT-APT,Cambridge Open Data eey2-rv59 (Property Database FY2026)
addr_0439,35-37 Inman St,Cambridge,MA,02139,1900,6,111 4-8-UNIT-APT,Cambridge Open Data eey2-rv59 (Property Database FY2026)
addr_0440,32 Chatham St,Cambridge,MA,02139,1900,6,111 4-8-UNIT-APT,Cambridge Open Data eey2-rv59 (Property Database FY2026)
addr_0441,82 Henry St,Cambridge,MA,02139,1887,5,111 4-8-UNIT-APT,Cambridge Open Data eey2-rv59 (Property Database FY2026)
addr_0442,41 Clifton St,Cambridge,MA,02140,1930,4,111 4-8-UNIT-APT,Cambridge Open Data eey2-rv59 (Property Database FY2026)
addr_0443,76 Plymouth St,Cambridge,MA,02141,1900,4,111 4-8-UNIT-APT,Cambridge Open Data eey2-rv59 (Property Database FY2026)
addr_0444,122 Berkshire St,Cambridge,MA,02141,1920,11,112 >8-UNIT-APT,Cambridge Open Data eey2-rv59 (Property Database FY2026)
addr_0445,9 Fairfield St,Cambridge,MA,02138,1950,6,111 4-8-UNIT-APT,Cambridge Open Data eey2-rv59 (Property Database FY2026)
addr_0446,38 Shepard St,Cambridge,MA,02138,1900,8,111 4-8-UNIT-APT,Cambridge Open Data eey2-rv59 (Property Database FY2026)
addr_0447,143-159 Putnam Ave,Cambridge,MA,02139,1990,22,112 >8-UNIT-APT,Cambridge Open Data eey2-rv59 (Property Database FY2026)
addr_0448,216 Franklin St,Cambridge,MA,02139,1900,6,114 AFFORDABLE APT,Cambridge Open Data eey2-rv59 (Property Database FY2026)
addr_0449,10 Clay St,Cambridge,MA,02140,1960,4,111 4-8-UNIT-APT,Cambridge Open Data eey2-rv59 (Property Database FY2026)
addr_0450,249 Western Ave,Cambridge,MA,02139,1894,4,111 4-8-UNIT-APT,Cambridge Open Data eey2-rv59 (Property Database FY2026)
addr_0451,60 Plymouth St,Cambridge,MA,02141,1900,6,111 4-8-UNIT-APT,Cambridge Open Data eey2-rv59 (Property Database FY2026)
addr_0452,22 Hurley St,Cambridge,MA,02141,2021,18,112 >8-UNIT-APT,Cambridge Open Data eey2-rv59 (Property Database FY2026)
addr_0453,72 School St,Cambridge,MA,02139,1930,4,111 4-8-UNIT-APT,Cambridge Open Data eey2-rv59 (Property Database FY2026)
addr_0454,121 Thorndike St,Cambridge,MA,02141,1920,5,111 4-8-UNIT-APT,Cambridge Open Data eey2-rv59 (Property Database FY2026)
addr_0455,64 Oxford St,Cambridge,MA,02138,1935,17,114 AFFORDABLE APT,Cambridge Open Data eey2-rv59 (Property Database FY2026)
addr_0456,125 Hampshire St,Cambridge,MA,02139,1915,6,111 4-8-UNIT-APT,Cambridge Open Data eey2-rv59 (Property Database FY2026)
addr_0457,1445 Cambridge St,Cambridge,MA,02139,1940,6,111 4-8-UNIT-APT,Cambridge Open Data eey2-rv59 (Property Database FY2026)
addr_0458,307 Washington St,Cambridge,MA,02139,1900,6,111 4-8-UNIT-APT,Cambridge Open Data eey2-rv59 (Property Database FY2026)
addr_0459,407-413 Cambridge St,Cambridge,MA,02141,1900,6,114 AFFORDABLE APT,Cambridge Open Data eey2-rv59 (Property Database FY2026)
addr_0460,918 Cambridge St,Cambridge,MA,02139,1900,19,112 >8-UNIT-APT,Cambridge Open Data eey2-rv59 (Property Database FY2026)
addr_0461,17 Cushing St,Cambridge,MA,02141,1892,4,111 4-8-UNIT-APT,Cambridge Open Data eey2-rv59 (Property Database FY2026)
addr_0462,49 Roseland St,Cambridge,MA,02140,1910,6,111 4-8-UNIT-APT,Cambridge Open Data eey2-rv59 (Property Database FY2026)
addr_0463,7 Fayette Pk,Cambridge,MA,02139,1900,4,111 4-8-UNIT-APT,Cambridge Open Data eey2-rv59 (Property Database FY2026)
addr_0464,50 Rogers St,Cambridge,MA,02142,2019,136,112 >8-UNIT-APT,Cambridge Open Data eey2-rv59 (Property Database FY2026)
addr_0465,10 King Pl,Cambridge,MA,02139,1900,4,111 4-8-UNIT-APT,Cambridge Open Data eey2-rv59 (Property Database FY2026)
addr_0466,103-107 Norfolk St,Cambridge,MA,02139,1900,20,112 >8-UNIT-APT,Cambridge Open Data eey2-rv59 (Property Database FY2026)
addr_0467,115 River St,Cambridge,MA,02139,1925,4,111 4-8-UNIT-APT,Cambridge Open Data eey2-rv59 (Property Database FY2026)
addr_0468,1-11 Gray St,Cambridge,MA,02138,1890,24,112 >8-UNIT-APT,Cambridge Open Data eey2-rv59 (Property Database FY2026)
A0001,6238 DE LONGPRE AVE,Los Angeles,CA,90028,1927,32,0500 Five or more apartments,LA County eGIS parcels
A0002,1031-1035 CLINTON ST,Hoboken,NJ,07030,2001,,4C 6B-20U-G,NJOGIS Parcels & MOD-IV Composite
A0003,876-878 S 14TH ST,Newark,NJ,11219,,,4C 4SB,NJOGIS Parcels & MOD-IV Composite
A0004,10050 MOUNTAIR AVE,Los Angeles,CA,91042,1964,39,0500 Five or more apartments,LA County eGIS parcels
A0005,1609 ADDISON ST,Berkeley,CA,94703,,,7700 Alameda County use code (5+ units),Alameda County parcels
A0006,69-71 WESTLAND AV,Boston,MA,02115,1900,,A/125 SUBSD HOUSING S- 8,Boston Property Assessment FY2026
A0007,4257 SAN PEDRO PL,Los Angeles,CA,90011,1913,6,0500 Five or more apartments,LA County eGIS parcels
A0008,1065 SUMMIT AVENUE,Jersey City,NJ,78746,,,4C 10S-B-A-151U-HE,NJOGIS Parcels & MOD-IV Composite
A0009,322-322.5 Western Ave,Cambridge,MA,,1915,6,111 4-8-UNIT-APT,Cambridge Property Database FY2026 (waa7-ibdu)
A0010,134 Oxford St,Cambridge,MA,,1915,6,111 4-8-UNIT-APT,Cambridge Property Database FY2026 (waa7-ibdu)
A0011,834-836 RAYMOND BLVD,Newark,NJ,08805,,,4C 3S.F.,NJOGIS Parcels & MOD-IV Composite
A0012,1064 SUMMIT AVE.,Jersey City,NJ,07728,1900,,4C 3S-F-D-6U,NJOGIS Parcels & MOD-IV Composite
A0013,137 N 11TH ST,Newark,NJ,07107,,,4C 3SF,NJOGIS Parcels & MOD-IV Composite
A0014,5907 CAHUENGA BLVD,Los Angeles,CA,91601,1947,7,0500 Five or more apartments,LA County eGIS parcels
A0015,15 Everett St,Cambridge,MA,,1930,83,112 >8-UNIT-APT,Cambridge Property Database FY2026 (waa7-ibdu)
A0016,3515 FILLMORE ST,San Francisco,CA,,1926,21,A15 Apartment 15 Units or more,DataSF wv5m-vpq2 (2025 roll)
A0017,225 DUNCAN AVE.,Jersey City,NJ,10949,,,4C 3S-F-D-6U-NH,NJOGIS Parcels & MOD-IV Composite
A0018,1906 BONITA AVE,Berkeley,CA,94704,,,7200 Alameda County use code (5+ units),Alameda County parcels
A0019,3820 HAINES ST,San Diego,CA,92109,,16,15 SANDAG asr_landuse 14-16 (5+ units),SANDAG/SanGIS parcels
A0020,646-648 N 6TH ST,Newark,NJ,07083,,,4C Apartments (class 4C),NJOGIS Parcels & MOD-IV Composite
A0021,22 PRECITA AV,San Francisco,CA,,1963,6,A5 Apartment 5 to 14 Units,DataSF wv5m-vpq2 (2025 roll)
A0022,10908 HARTSOOK ST,Los Angeles,CA,91601,2012,5,0500 Five or more apartments,LA County eGIS parcels
A0023,843 IROLO ST,Los Angeles,CA,90005,1987,33,0500 Five or more apartments,LA County eGIS parcels
A0024,227 Charles St,Cambridge,MA,,1920,6,111 4-8-UNIT-APT,Cambridge Property Database FY2026 (waa7-ibdu)
A0025,2341 8TH ST,Berkeley,CA,94710,,,7700 Alameda County use code (5+ units),Alameda County parcels
A0026,59 OAK ST.,Jersey City,NJ,07306,1901,,4C 4S-B-D-8U-NH,NJOGIS Parcels & MOD-IV Composite
A0027,3918 FULTON ST,San Francisco,CA,,1923,6,A5 Apartment 5 to 14 Units,DataSF wv5m-vpq2 (2025 roll)
A0028,585 5TH ST,Newark,NJ,07107,,,4C 3SF3UG,NJOGIS Parcels & MOD-IV Composite
A0029,280-284 VERONA AVE,Newark,NJ,07653,,,4C 4SB,NJOGIS Parcels & MOD-IV Composite
A0030,2051 DIVISADERO ST,San Francisco,CA,,1908,5,FS5 Flat & Store 5 to 14 units,DataSF wv5m-vpq2 (2025 roll)
A0031,5624 S SAN PEDRO ST,Los Angeles,CA,90011,1911,5,0500 Five or more apartments,LA County eGIS parcels
A0032,63 OAK ST.,Jersey City,NJ,08820,,,4C 4S-B-D-8U-NH,NJOGIS Parcels & MOD-IV Composite
A0033,1260 KEARNY ST,San Francisco,CA,,1910,5,A5 Apartment 5 to 14 Units,DataSF wv5m-vpq2 (2025 roll)
A0034,25 Gore St,Cambridge,MA,,1886,6,111 4-8-UNIT-APT,Cambridge Property Database FY2026 (waa7-ibdu)
A0035,5239 HARMONY AVE,Los Angeles,CA,91601,1997,14,0500 Five or more apartments,LA County eGIS parcels
A0036,33 WARD ST,South Boston,MA,02127,2019,,A/112 APT 7-30 UNITS,Boston Property Assessment FY2026
A0037,770 IROLO ST,Los Angeles,CA,90005,2001,47,0500 Five or more apartments,LA County eGIS parcels
A0038,154 YUKON ST,San Francisco,CA,,1908,5,A5 Apartment 5 to 14 Units,DataSF wv5m-vpq2 (2025 roll)
A0039,1 Craigie St,Cambridge,MA,,1910,32,112 >8-UNIT-APT,Cambridge Property Database FY2026 (waa7-ibdu)
A0040,69-75 JACKSON ST,Hoboken,NJ,07030,,,4C 3B-7U/4B-24U-G,NJOGIS Parcels & MOD-IV Composite
A0041,122 TIFFANY AV,San Francisco,CA,,1900,15,A5 Apartment 5 to 14 Units,DataSF wv5m-vpq2 (2025 roll)
A0042,320 FORREST ST.,Jersey City,NJ,07304,1912,,4C 2S-B-A-6U,NJOGIS Parcels & MOD-IV Composite
A0043,4 Orchard St,Cambridge,MA,,1920,6,111 4-8-UNIT-APT,Cambridge Property Database FY2026 (waa7-ibdu)
A0044,773-775 SANDFORD AVE,Newark,NJ,11211,,,4C 3SB,NJOGIS Parcels & MOD-IV Composite
A0045,12829 BRANFORD ST,Los Angeles,CA,91331,1987,65,0501 Five or more apartments,LA County eGIS parcels
A0046,8-12 Soden St,Cambridge,MA,,1975,44,112 >8-UNIT-APT,Cambridge Property Database FY2026 (waa7-ibdu)
A0047,14 RUTGERS AVE.,Jersey City,NJ,07304,1913,,4C 3S-B-D-6U-H,NJOGIS Parcels & MOD-IV Composite
A0048,1619 COMMONWEALTH AV,Brighton,MA,02135,1899,,A/112 APT 7-30 UNITS,Boston Property Assessment FY2026
A0049,721 CLINTON ST,Hoboken,NJ,07856,,,4C 3S-6U-AFFORDABL,NJOGIS Parcels & MOD-IV Composite
A0050,36 HOFF ST,San Francisco,CA,,1986,49,A15 Apartment 15 Units or more,DataSF wv5m-vpq2 (2025 roll)
A0051,65 OAKLAND AVE.,Jersey City,NJ,07423,,,4C 3S+BT-F-6U,NJOGIS Parcels & MOD-IV Composite
A0052,88 Gardner ST,Allston,MA,02134,1965,,A/112 APT 7-30 UNITS,Boston Property Assessment FY2026
A0053,32 Garrison ST,Boston,MA,02116,1990,,A/120 LUXURY APARTMENT,Boston Property Assessment FY2026
A0054,13 Shetland ST,Roxbury,MA,02119,2020,,A/112 APT 7-30 UNITS,Boston Property Assessment FY2026
A0055,305 10TH AV,San Francisco,CA,,1963,6,A5 Apartment 5 to 14 Units,DataSF wv5m-vpq2 (2025 roll)
A0056,41-43 Edgerly RD,Boston,MA,02115,1920,,A/112 APT 7-30 UNITS,Boston Property Assessment FY2026
A0057,57 STONE ST,Newark,NJ,07012,,,4C 4SB,NJOGIS Parcels & MOD-IV Composite
A0058,3137 BOSTON AVE,San Diego,CA,92113,,7,14 SANDAG asr_landuse 14-16 (5+ units),SANDAG/SanGIS parcels
A0059,84-86 WALNUT ST,Newark,NJ,07078,,,4C 1SCB,NJOGIS Parcels & MOD-IV Composite
A0060,5737 WILLOWCREST AVE,Los Angeles,CA,91601,1962,8,0500 Five or more apartments,LA County eGIS parcels
A0061,106 18TH AV,San Francisco,CA,,1915,5,A5 Apartment 5 to 14 Units,DataSF wv5m-vpq2 (2025 roll)
A0062,77 HOFF ST,San Francisco,CA,,1906,6,A5 Apartment 5 to 14 Units,DataSF wv5m-vpq2 (2025 roll)
A0063,11 Cortes ST,Boston,MA,02116,1899,,A/112 APT 7-30 UNITS,Boston Property Assessment FY2026
A0064,24-26 Concord Ave,Cambridge,MA,,1890,84,112 >8-UNIT-APT,Cambridge Property Database FY2026 (waa7-ibdu)
A0065,63 Bailey ST,Dorchester,MA,02124,,,A/120 LUXURY APARTMENT,Boston Property Assessment FY2026
A0066,1318 N ORANGE DR,Los Angeles,CA,90028,1988,36,0500 Five or more apartments,LA County eGIS parcels
A0067,1335 N VISTA ST,Los Angeles,CA,90046,1954,8,0500 Five or more apartments,LA County eGIS parcels
A0068,40-42 Clearway ST,Boston,MA,02115,1920,,A/112 APT 7-30 UNITS,Boston Property Assessment FY2026
A0069,2277 UNION ST,San Francisco,CA,,1900,7,FS5 Flat & Store 5 to 14 units,DataSF wv5m-vpq2 (2025 roll)
A0070,43 Fayette St,Cambridge,MA,,1910,7,111 4-8-UNIT-APT,Cambridge Property Database FY2026 (waa7-ibdu)
A0071,14.5-16 Vandine St,Cambridge,MA,,1900,5,111 4-8-UNIT-APT,Cambridge Property Database FY2026 (waa7-ibdu)
A0072,1251 10TH AV,San Francisco,CA,,1973,6,A5 Apartment 5 to 14 Units,DataSF wv5m-vpq2 (2025 roll)
A0073,35-37 Inman St,Cambridge,MA,,1900,6,111 4-8-UNIT-APT,Cambridge Property Database FY2026 (waa7-ibdu)
A0074,717 S BERENDO ST,Los Angeles,CA,90005,1963,34,0500 Five or more apartments,LA County eGIS parcels
A0075,27 Everett St,Cambridge,MA,,1880,10,112 >8-UNIT-APT,Cambridge Property Database FY2026 (waa7-ibdu)
A0076,304 E KINNEY ST,Newark,NJ,07033,,,4C 3SB2UG,NJOGIS Parcels & MOD-IV Composite
A0077,91 Brookline St,Cambridge,MA,,1902,6,111 4-8-UNIT-APT,Cambridge Property Database FY2026 (waa7-ibdu)
A0078,115 BAYVIEW AVE.,Jersey City,NJ,07304,,,4C 4S-B-A-16U-H,NJOGIS Parcels & MOD-IV Composite
A0079,2361 PORTLAND ST,Los Angeles,CA,90007,1912,9,0500 Five or more apartments,LA County eGIS parcels
A0080,690 S CATALINA ST,Los Angeles,CA,90005,2002,90,0500 Five or more apartments,LA County eGIS parcels
A0081,145 TAYLOR ST,San Francisco,CA,,2005,69,A15 Apartment 15 Units or more,DataSF wv5m-vpq2 (2025 roll)
A0082,63 Inman St,Cambridge,MA,,1880,16,112 >8-UNIT-APT,Cambridge Property Database FY2026 (waa7-ibdu)
A0083,38 KENILWORTH ST,Roxbury,MA,02119,1890,,A/125 SUBSD HOUSING S- 8,Boston Property Assessment FY2026
A0084,1725 CHESTNUT ST,San Francisco,CA,,1908,5,A5 Apartment 5 to 14 Units,DataSF wv5m-vpq2 (2025 roll)
A0085,1101 CHURCH ST,San Francisco,CA,,1926,6,A5 Apartment 5 to 14 Units,DataSF wv5m-vpq2 (2025 roll)
A0086,67 Plymouth St,Cambridge,MA,,1837,5,111 4-8-UNIT-APT,Cambridge Property Database FY2026 (waa7-ibdu)
A0087,323 BLOOMFIELD ST,Hoboken,NJ,07504,,,"4C 2,4B-16U-H-X",NJOGIS Parcels & MOD-IV Composite
A0088,201 CLEMENT ST,San Francisco,CA,,1908,9,FS5 Flat & Store 5 to 14 units,DataSF wv5m-vpq2 (2025 roll)
A0089,935 PARK AVE,Hoboken,NJ,07030,,,4C 5B-10U-H-BA,NJOGIS Parcels & MOD-IV Composite
A0090,30 JACKSON ST,Newark,NJ,07105,,,4C 3S.F.,NJOGIS Parcels & MOD-IV Composite
A0091,2229 DWIGHT WAY,Berkeley,CA,94704,,,7700 Alameda County use code (5+ units),Alameda County parcels
A0092,2514 PIEDMONT AVE,Berkeley,CA,94704,,,7700 Alameda County use code (5+ units),Alameda County parcels
A0093,90 BICKFORD ST,Jamaica Plain,MA,02130,2004,,A/118 ELDERLY HOME,Boston Property Assessment FY2026
A0094,1371 27TH ST,San Diego,CA,92154,,88,16 SANDAG asr_landuse 14-16 (5+ units),SANDAG/SanGIS parcels
A0095,23 Elm St,Cambridge,MA,,1900,6,111 4-8-UNIT-APT,Cambridge Property Database FY2026 (waa7-ibdu)
A0096,81 WESTLAND AV,Boston,MA,02115,1910,,A/125 SUBSD HOUSING S- 8,Boston Property Assessment FY2026
A0097,1560 MASON ST,San Francisco,CA,,1907,8,FS5 Flat & Store 5 to 14 units,DataSF wv5m-vpq2 (2025 roll)
A0098,WILLOWWOOD ST,Dorchester,MA,02124,,,A/125 SUBSD HOUSING S- 8,Boston Property Assessment FY2026
A0099,822 WASHINGTON ST,Hoboken,NJ,07458,,,4C 4B-5U-H-BA,NJOGIS Parcels & MOD-IV Composite
A0100,4732 BANCROFT ST,San Diego,CA,92116,,7,14 SANDAG asr_landuse 14-16 (5+ units),SANDAG/SanGIS parcels
A0101,315-319 FAIRMOUNT AVENUE,Jersey City,NJ,07039,,,4C 2-4S-B-A-26U-H,NJOGIS Parcels & MOD-IV Composite
A0102,124 BLOOMFIELD ST,Hoboken,NJ,10003,,,4C 4B-5U-H-BA,NJOGIS Parcels & MOD-IV Composite
A0103,2161 ALLSTON WAY,Berkeley,CA,94704,,,7700 Alameda County use code (5+ units),Alameda County parcels
A0104,409 5TH ST,Newark,NJ,07012,,,4C 3SB,NJOGIS Parcels & MOD-IV Composite
A0105,140 PORTOLA DR,San Francisco,CA,,2019,7,A5 Apartment 5 to 14 Units,DataSF wv5m-vpq2 (2025 roll)
A0106,250 FREMONT ST,San Francisco,CA,,,60,A15 Apartment 15 Units or more,DataSF wv5m-vpq2 (2025 roll)
A0107,10635 SHERMAN GROVE AVE,Los Angeles,CA,91040,1978,20,0500 Five or more apartments,LA County eGIS parcels
A0108,13 JEFFERSON AVE.,Jersey City,NJ,07030,,,4C 3S-B-D-6U-H,NJOGIS Parcels & MOD-IV Composite
A0109,2922 OTIS ST,Berkeley,CA,94703,,,7700 Alameda County use code (5+ units),Alameda County parcels
A0110,130-132 2ND AVE,Newark,NJ,07055,,,4C 3SF,NJOGIS Parcels & MOD-IV Composite
A0111,10075 TUJUNGA CANYON BLVD,Los Angeles,CA,91042,1984,40,0500 Five or more apartments,LA County eGIS parcels
A0112,448 BRODERICK ST,San Francisco,CA,,1905,9,A5 Apartment 5 to 14 Units,DataSF wv5m-vpq2 (2025 roll)
A0113,3151 ETON AVE,Berkeley,CA,94705,,,7700 Alameda County use code (5+ units),Alameda County parcels
A0114,3743 INDIA ST,San Diego,CA,92103,,6,14 SANDAG asr_landuse 14-16 (5+ units),SANDAG/SanGIS parcels
A0115,397 05TH AV,San Francisco,CA,,1900,6,FS5 Flat & Store 5 to 14 units,DataSF wv5m-vpq2 (2025 roll)
A0116,36 PROSPECT ST.,Jersey City,NJ,07111,1923,,4C 3S-F-D-6U-H,NJOGIS Parcels & MOD-IV Composite
A0117,1733 N CHEROKEE AVE,Los Angeles,CA,90028,1924,40,0500 Five or more apartments,LA County eGIS parcels
A0118,18-34 KINGBIRD RD,Dorchester,MA,02124,2009,,A/125 SUBSD HOUSING S- 8,Boston Property Assessment FY2026
A0119,607 ADAMS ST,Hoboken,NJ,07030,,,4C 2F-4U/2F-2U,NJOGIS Parcels & MOD-IV Composite
A0120,139 ELM ST,Newark,NJ,07105,,,4C 3SF,NJOGIS Parcels & MOD-IV Composite
A0121,4079 FRONT ST,San Diego,CA,92103,,22,15 SANDAG asr_landuse 14-16 (5+ units),SANDAG/SanGIS parcels
A0122,4812 S BROADWAY,Los Angeles,CA,90037,1909,8,0500 Five or more apartments,LA County eGIS parcels
A0123,123 Condor ST,East Boston,MA,02128,2013,,A/125 SUBSD HOUSING S- 8,Boston Property Assessment FY2026
A0124,33-35 Brookline St,Cambridge,MA,,1929,16,112 >8-UNIT-APT,Cambridge Property Database FY2026 (waa7-ibdu)
A0125,227 GRAND ST,Hoboken,NJ,07030,,,4C 5B-5U-H-(CO-OP),NJOGIS Parcels & MOD-IV Composite
A0126,1350 POTRERO AV,San Francisco,CA,,1927,8,A5 Apartment 5 to 14 Units,DataSF wv5m-vpq2 (2025 roll)
A0127,10029 SEPULVEDA BLVD,Los Angeles,CA,91345,1964,5,050C Five or more apartments,LA County eGIS parcels
A0128,Harvard ST,Dorchester,MA,02124,,,A/125 SUBSD HOUSING S- 8,Boston Property Assessment FY2026
A0129,526-532 MULBERRY ST,Newark,NJ,07039,,,4C 3SB1UG,NJOGIS Parcels & MOD-IV Composite
A0130,554 MARKET ST,Newark,NJ,07205,,,4C 3S.B.,NJOGIS Parcels & MOD-IV Composite
A0131,43 POPLAR ST.,Jersey City,NJ,07307,1900,,4C 3S-F-D-6U,NJOGIS Parcels & MOD-IV Composite
A0132,587 N 6TH ST,Newark,NJ,11205,,,4C 3SB,NJOGIS Parcels & MOD-IV Composite
A0133,8819 LANKERSHIM BLVD,Los Angeles,CA,91352,1956,6,0500 Five or more apartments,LA County eGIS parcels
A0134,101 Norfolk ST,Dorchester,MA,02124,1899,,A/125 SUBSD HOUSING S- 8,Boston Property Assessment FY2026
A0135,843 CLAY ST,San Francisco,CA,,1908,29,A15 Apartment 15 Units or more,DataSF wv5m-vpq2 (2025 roll)
A0136,920 HUDSON ST,Hoboken,NJ,07030,,,4C 5B-26U-H-CO-OP,NJOGIS Parcels & MOD-IV Composite
A0137,65-71 NORFLOK ST,Newark,NJ,07003,,,4C 3SF5UG,NJOGIS Parcels & MOD-IV Composite
A0138,1033 E 51ST ST,Los Angeles,CA,90011,1959,5,0500 Five or more apartments,LA County eGIS parcels
A0139,54 STUYVESANT AVE.,Jersey City,NJ,07042,1910,,4C 3S-F-5U-NH,NJOGIS Parcels & MOD-IV Composite
A0140,459 BEACON ST,Boston,MA,02115,1910,,A/112 APT 7-30 UNITS,Boston Property Assessment FY2026
A0141,2601 43RD AV,San Francisco,CA,,1974,8,A5 Apartment 5 to 14 Units,DataSF wv5m-vpq2 (2025 roll)
A0142,4615 AVALON BLVD,Los Angeles,CA,90011,1957,8,0500 Five or more apartments,LA County eGIS parcels
A0143,75 ELM HILL AV,Dorchester,MA,02121,,,A/125 SUBSD HOUSING S- 8,Boston Property Assessment FY2026
A0144,112-114 Amory ST,Roxbury,MA,02119,1910,,A/112 APT 7-30 UNITS,Boston Property Assessment FY2026
A0145,4515 FELTON ST,San Diego,CA,92116,,8,14 SANDAG asr_landuse 14-16 (5+ units),SANDAG/SanGIS parcels
A0146,93-95 HAWKINS ST,Newark,NJ,07105,,,4C 2SF3UG,NJOGIS Parcels & MOD-IV Composite
A0147,2850 GOLDEN GATE AV,San Francisco,CA,,1900,5,A5 Apartment 5 to 14 Units,DataSF wv5m-vpq2 (2025 roll)
A0148,162-166 5TH ST,Newark,NJ,07105,,,4C 2.5SF,NJOGIS Parcels & MOD-IV Composite
A0149,25 Everett ST,East Boston,MA,02128,2023,,A/120 LUXURY APARTMENT,Boston Property Assessment FY2026
A0150,3784 E BROADWAY,San Diego,CA,92102,,9,14 SANDAG asr_landuse 14-16 (5+ units),SANDAG/SanGIS parcels
A0151,16 Queensberry ST,Boston,MA,02215,1899,,A/112 APT 7-30 UNITS,Boston Property Assessment FY2026
A0152,1669 SUNSET CLIFFS BLVD,San Diego,CA,92107,,12,14 SANDAG asr_landuse 14-16 (5+ units),SANDAG/SanGIS parcels
A0153,366 E 55TH ST,Los Angeles,CA,90011,1924,9,0500 Five or more apartments,LA County eGIS parcels
A0154,4568 IDAHO ST,San Diego,CA,92116,,8,14 SANDAG asr_landuse 14-16 (5+ units),SANDAG/SanGIS parcels
A0155,473 Harvard ST,Dorchester,MA,02124,,,A/125 SUBSD HOUSING S- 8,Boston Property Assessment FY2026
A0156,290 GREEN ST,San Francisco,CA,,1927,9,A5 Apartment 5 to 14 Units,DataSF wv5m-vpq2 (2025 roll)
A0157,2701 RIDGE RD,Berkeley,CA,94709,,,7700 Alameda County use code (5+ units),Alameda County parcels
A0158,2522 HILGARD AVE,Berkeley,CA,94709,,,7700 Alameda County use code (5+ units),Alameda County parcels
A0159,104 SUNSET AVE,Newark,NJ,11211,,,4C 3SF,NJOGIS Parcels & MOD-IV Composite
A0160,86 CHARLES ST.,Jersey City,NJ,07642,1918,,4C 3S-B-A-22U,NJOGIS Parcels & MOD-IV Composite
A0161,317 UNION ST.,Jersey City,NJ,07013,1930,,4C 4S-B-A-21U-H,NJOGIS Parcels & MOD-IV Composite
A0162,1640 N POINSETTIA PL,Los Angeles,CA,90046,1987,24,0500 Five or more apartments,LA County eGIS parcels
A0163,233-235 SECOND ST.,Jersey City,NJ,07042,1870,,4C 3&4S-B&F-14U,NJOGIS Parcels & MOD-IV Composite
A0164,725 14TH ST,San Francisco,CA,,1911,6,A5 Apartment 5 to 14 Units,DataSF wv5m-vpq2 (2025 roll)
A0165,734 JAMAICA CT,San Diego,CA,92109,,8,14 SANDAG asr_landuse 14-16 (5+ units),SANDAG/SanGIS parcels
A0166,1 Potter Pk,Cambridge,MA,,1900,5,111 4-8-UNIT-APT,Cambridge Property Database FY2026 (waa7-ibdu)
A0167,4616 FLORIDA ST,San Diego,CA,92116,,20,15 SANDAG asr_landuse 14-16 (5+ units),SANDAG/SanGIS parcels
A0168,600 JACKSON/601 HARRISON,Hoboken,NJ,07030,2007,,4C 5B-64U/5B-64U-G,NJOGIS Parcels & MOD-IV Composite
A0169,115 KILSYTH RD,Brighton,MA,02135,1920,,A/112 APT 7-30 UNITS,Boston Property Assessment FY2026
A0170,8917 CEDROS AVE,Los Angeles,CA,91402,1990,32,0500 Five or more apartments,LA County eGIS parcels
A0171,127 OGDEN AVE.,Jersey City,NJ,07660,1910,,4C 3S-B-D-7U-NH,NJOGIS Parcels & MOD-IV Composite
A0172,8504 WILLIS AVE,Los Angeles,CA,91402,1960,33,0500 Five or more apartments,LA County eGIS parcels
A0173,13180 FOOTHILL BLVD,Los Angeles,CA,91342,1937,9,0500 Five or more apartments,LA County eGIS parcels
A0174,84 Hampshire St,Cambridge,MA,,1900,19,112 >8-UNIT-APT,Cambridge Property Database FY2026 (waa7-ibdu)
A0175,10 Dover St,Cambridge,MA,,1922,6,111 4-8-UNIT-APT,Cambridge Property Database FY2026 (waa7-ibdu)
A0176,15 Chester St,Cambridge,MA,,1965,29,112 >8-UNIT-APT,Cambridge Property Database FY2026 (waa7-ibdu)
A0177,166 HIGHLAND AVE.,Jersey City,NJ,11201,1912,,4C 3S-F-D-6U-NH,NJOGIS Parcels & MOD-IV Composite
A0178,5308 RIVERTON AVE,Los Angeles,CA,91601,1961,7,0500 Five or more apartments,LA County eGIS parcels
A0179,7006 LANEWOOD AVE,Los Angeles,CA,90028,1958,18,0500 Five or more apartments,LA County eGIS parcels
A0180,845 S KINGSLEY DR,Los Angeles,CA,90005,1990,33,0500 Five or more apartments,LA County eGIS parcels
A0181,931 GARDEN ST,Hoboken,NJ,07030,,,4C 5B-10U-BA,NJOGIS Parcels & MOD-IV Composite
A0182,911-923 CLINTON ST,Hoboken,NJ,07030,,,"4C 2,5B-90U-H-BA",NJOGIS Parcels & MOD-IV Composite
A0183,2427 HILGARD AVE,Berkeley,CA,94709,,,7700 Alameda County use code (5+ units),Alameda County parcels
A0184,156 W 32ND ST,Los Angeles,CA,90007,1907,16,0500 Five or more apartments,LA County eGIS parcels
A0185,154 TERHUNE AVE.,Jersey City,NJ,07103,1922,,4C 3S-F-D-6U-NH,NJOGIS Parcels & MOD-IV Composite
A0186,107 BEACON AVE.,Jersey City,NJ,07306,,,4C 3S-F-D-5U-NH,NJOGIS Parcels & MOD-IV Composite
A0187,146 CARLTON AVE.,Jersey City,NJ,07423,1925,,4C 3S-F-D-6U-NH,NJOGIS Parcels & MOD-IV Composite
A0188,2819 MCGEE AVE,Berkeley,CA,94703,,,7700 Alameda County use code (5+ units),Alameda County parcels
A0189,1811 CARLETON ST,Berkeley,CA,94703,,,7200 Alameda County use code (5+ units),Alameda County parcels
A0190,283 ADAMS ST,Newark,NJ,07105,,,4C 3SB,NJOGIS Parcels & MOD-IV Composite
A0191,60 Kirkland St,Cambridge,MA,,1891,6,111 4-8-UNIT-APT,Cambridge Property Database FY2026 (waa7-ibdu)
A0192,780 POST ST,San Francisco,CA,,1916,36,A15 Apartment 15 Units or more,DataSF wv5m-vpq2 (2025 roll)
A0193,1626 BONITA AVE,Berkeley,CA,94709,,,7700 Alameda County use code (5+ units),Alameda County parcels
A0194,72 Burbank ST,Boston,MA,02115,2022,,A/125 SUBSD HOUSING S- 8,Boston Property Assessment FY2026
A0195,1850-1848 COMMONWEALTH AV,Brighton,MA,02135,1910,,A/112 APT 7-30 UNITS,Boston Property Assessment FY2026
A0196,16915 BLACKHAWK ST,Los Angeles,CA,91344,1962,30,0501 Five or more apartments,LA County eGIS parcels
A0197,1611 62ND ST,Berkeley,CA,94703,,,7200 Alameda County use code (5+ units),Alameda County parcels
A0198,194 Havre ST,East Boston,MA,02128,2019,,A/112 APT 7-30 UNITS,Boston Property Assessment FY2026
A0199,42 Bay State Rd,Cambridge,MA,,2012,5,111 4-8-UNIT-APT,Cambridge Property Database FY2026 (waa7-ibdu)
A0200,1853 N HIGHLAND AVE,Los Angeles,CA,90028,,5,0500 Five or more apartments,LA County eGIS parcels
A0201,2737 BENVENUE AVE,Berkeley,CA,94705,,,7700 Alameda County use code (5+ units),Alameda County parcels
A0202,1446 JACKSON ST,San Francisco,CA,,1907,6,A5 Apartment 5 to 14 Units,DataSF wv5m-vpq2 (2025 roll)
A0203,2986-2930 Washington ST,Roxbury,MA,02119,2002,,A/125 SUBSD HOUSING S- 8,Boston Property Assessment FY2026
A0204,202-208 6TH AVE W,Newark,NJ,08736,,,4C 3SB,NJOGIS Parcels & MOD-IV Composite
A0205,2425 GRANT ST,Berkeley,CA,94703,,,7700 Alameda County use code (5+ units),Alameda County parcels
A0206,401 43RD AV,San Francisco,CA,,1929,21,A15 Apartment 15 Units or more,DataSF wv5m-vpq2 (2025 roll)
A0207,705 W 23RD ST,Los Angeles,CA,90007,1901,10,0500 Five or more apartments,LA County eGIS parcels
A0208,126 ADAMS ST,Hoboken,NJ,07604,,,4C 4B-8U,NJOGIS Parcels & MOD-IV Composite
A0209,19 Trowbridge St,Cambridge,MA,,1910,6,111 4-8-UNIT-APT,Cambridge Property Database FY2026 (waa7-ibdu)
A0210,1432 N CURSON AVE,Los Angeles,CA,90046,2016,9,0500 Five or more apartments,LA County eGIS parcels
A0211,499 BEACON ST,Boston,MA,02215,1899,,A/112 APT 7-30 UNITS,Boston Property Assessment FY2026
A0212,1311 SOUTH VAN NESS AV,San Francisco,CA,,1900,5,A5 Apartment 5 to 14 Units,DataSF wv5m-vpq2 (2025 roll)
A0213,11649 ACAMA ST,Los Angeles,CA,91604,1986,7,0500 Five or more apartments,LA County eGIS parcels
A0214,358 Harvard St,Cambridge,MA,,1900,6,111 4-8-UNIT-APT,Cambridge Property Database FY2026 (waa7-ibdu)
A0215,2295 CALIFORNIA ST,San Francisco,CA,,1924,21,A15 Apartment 15 Units or more,DataSF wv5m-vpq2 (2025 roll)
A0216,2309 HASTE ST,Berkeley,CA,94704,,,7700 Alameda County use code (5+ units),Alameda County parcels
A0217,170-172 Maverick ST,East Boston,MA,02128,2011,,A/125 SUBSD HOUSING S- 8,Boston Property Assessment FY2026
A0218,15 Richdale Ave,Cambridge,MA,,1910,46,112 >8-UNIT-APT,Cambridge Property Database FY2026 (waa7-ibdu)
A0219,3735 32ND ST,San Diego,CA,92104,,8,14 SANDAG asr_landuse 14-16 (5+ units),SANDAG/SanGIS parcels
A0220,21-23 Faulkner ST,Dorchester,MA,02122,1900,,A/125 SUBSD HOUSING S- 8,Boston Property Assessment FY2026
A0221,191 Park DR,Boston,MA,02215,1910,,A/112 APT 7-30 UNITS,Boston Property Assessment FY2026
A0222,1901 VALLEJO ST,San Francisco,CA,,1960,8,A5 Apartment 5 to 14 Units,DataSF wv5m-vpq2 (2025 roll)
A0223,504 COURT ST,Hoboken,NJ,07030,,,4C 4B-5U-H-BA,NJOGIS Parcels & MOD-IV Composite
A0224,8727 TOBIAS AVE,Los Angeles,CA,91402,1960,13,0500 Five or more apartments,LA County eGIS parcels
A0225,1627 JACKSON ST,San Francisco,CA,,1913,9,A5 Apartment 5 to 14 Units,DataSF wv5m-vpq2 (2025 roll)
A0226,663 MASSACHUSETTS AV,Boston,MA,02118,1905,,A/125 SUBSD HOUSING S- 8,Boston Property Assessment FY2026
A0227,1401 HUDSON ST,Hoboken,NJ,07030,2010,2,4C 13B-93U-2C-G,NJOGIS Parcels & MOD-IV Composite
A0228,225 COLLINGWOOD ST,San Francisco,CA,,1907,5,A5 Apartment 5 to 14 Units,DataSF wv5m-vpq2 (2025 roll)
A0229,5164 03RD ST,San Francisco,CA,,1914,6,A5 Apartment 5 to 14 Units,DataSF wv5m-vpq2 (2025 roll)
A0230,85 Hancock St,Cambridge,MA,,1996,18,112 >8-UNIT-APT,Cambridge Property Database FY2026 (waa7-ibdu)
A0231,521 ARGUELLO BL,San Francisco,CA,,1971,6,A5 Apartment 5 to 14 Units,DataSF wv5m-vpq2 (2025 roll)
A0232,189 Third St,Cambridge,MA,,1900,6,111 4-8-UNIT-APT,Cambridge Property Database FY2026 (waa7-ibdu)
A0233,30 MEDFIELD ST,Boston,MA,02215,1920,,A/112 APT 7-30 UNITS,Boston Property Assessment FY2026
A0234,2212 BLAKE ST,Berkeley,CA,94704,,,7700 Alameda County use code (5+ units),Alameda County parcels
A0235,6736 SELMA AVE,Los Angeles,CA,90028,,,050V Five or more apartments,LA County eGIS parcels
A0236,1110 JACKSON ST,San Francisco,CA,,1961,9,A5 Apartment 5 to 14 Units,DataSF wv5m-vpq2 (2025 roll)
A0237,36 VALLEY ST,San Francisco,CA,,1927,12,A5 Apartment 5 to 14 Units,DataSF wv5m-vpq2 (2025 roll)
A0238,15256 ACRE ST,Los Angeles,CA,91343,1957,6,0500 Five or more apartments,LA County eGIS parcels
A0239,1476 UNIVERSITY AVE,Berkeley,CA,94702,,,7700 Alameda County use code (5+ units),Alameda County parcels
A0240,4135 38TH ST,San Diego,CA,92105,,7,14 SANDAG asr_landuse 14-16 (5+ units),SANDAG/SanGIS parcels
A0241,913 GARDEN ST,Hoboken,NJ,07030,,,4C 5B-14U-H-BA,NJOGIS Parcels & MOD-IV Composite
A0242,85-87 SIERRA RD,Hyde Park,MA,02136,1960,,A/112 APT 7-30 UNITS,Boston Property Assessment FY2026
A0243,664 OCEAN AVE.,Jersey City,NJ,07305,1910,,4C 3S+BT-F-6U,NJOGIS Parcels & MOD-IV Composite
A0244,1126 HUDSON ST,Hoboken,NJ,07030,,,4C 5B-12U-1BX-H-BA,NJOGIS Parcels & MOD-IV Composite
A0245,30 WEST HOWELL ST M-D,Dorchester,MA,02125,2018,,A/120 LUXURY APARTMENT,Boston Property Assessment FY2026
A0246,4386 COPELAND AVE,San Diego,CA,92105,,8,14 SANDAG asr_landuse 14-16 (5+ units),SANDAG/SanGIS parcels
A0247,4957 CAPE MAY AVE,San Diego,CA,92107,,10,14 SANDAG asr_landuse 14-16 (5+ units),SANDAG/SanGIS parcels
A0248,941 S KENMORE AVE,Los Angeles,CA,90006,1923,24,0500 Five or more apartments,LA County eGIS parcels
A0249,498-500 HAWTHORNE AVE,Newark,NJ,10013,,,4C 3SF4UG,NJOGIS Parcels & MOD-IV Composite
A0250,211 BALDWIN AVE.,Jersey City,NJ,07002,,,4C 6S-B+F-45U-17G,NJOGIS Parcels & MOD-IV Composite
A0251,4663 33RD ST,San Diego,CA,92116,,8,14 SANDAG asr_landuse 14-16 (5+ units),SANDAG/SanGIS parcels
A0252,15514 CHASE ST,Los Angeles,CA,91343,1984,6,0500 Five or more apartments,LA County eGIS parcels
A0253,2250 NORTH POINT ST,San Francisco,CA,,1928,7,A5 Apartment 5 to 14 Units,DataSF wv5m-vpq2 (2025 roll)
A0254,805 WASHINGTON ST,Hoboken,NJ,07030,,,4C 4B-9U-H-BA,NJOGIS Parcels & MOD-IV Composite
A0255,851 E 51ST ST,Los Angeles,CA,90011,1923,8,0500 Five or more apartments,LA County eGIS parcels
A0256,327 JACKSON ST,Hoboken,NJ,07017,,,4C 5B-20U-H,NJOGIS Parcels & MOD-IV Composite
A0257,5 COMMER CT,San Francisco,CA,,,6,A5 Apartment 5 to 14 Units,DataSF wv5m-vpq2 (2025 roll)
A0258,471 COLUMBIA RD,Dorchester,MA,02125,1930,,A/125 SUBSD HOUSING S- 8,Boston Property Assessment FY2026
A0259,872 NORTH POINT ST,San Francisco,CA,,1900,5,FS5 Flat & Store 5 to 14 units,DataSF wv5m-vpq2 (2025 roll)
A0260,2479 LE CONTE AVE,Berkeley,CA,94709,,,7700 Alameda County use code (5+ units),Alameda County parcels
A0261,525 ADAMS ST,Hoboken,NJ,07030,,,4C 5B-1OU,NJOGIS Parcels & MOD-IV Composite
A0262,2924 E JUNIPER ST,San Diego,CA,92104,,18,15 SANDAG asr_landuse 14-16 (5+ units),SANDAG/SanGIS parcels
A0263,1636 M L KING JR WAY,Berkeley,CA,94709,,,7700 Alameda County use code (5+ units),Alameda County parcels
A0264,583-589 ELIZABETH AVE,Newark,NJ,11516,,,4C 5SB,NJOGIS Parcels & MOD-IV Composite
A0265,102 BALDWIN AVE.,Jersey City,NJ,07306,1912,,4C 3S-B-A-13U-H,NJOGIS Parcels & MOD-IV Composite
A0266,52 BRIGHT ST.,Jersey City,NJ,10016,,,4C 4S-B-D-8U-NH,NJOGIS Parcels & MOD-IV Composite
A0267,1314 N VAN NESS AVE,Los Angeles,CA,90028,,,050V Five or more apartments,LA County eGIS parcels
A0268,1848 FRANKLIN ST,San Francisco,CA,,1914,7,A5 Apartment 5 to 14 Units,DataSF wv5m-vpq2 (2025 roll)
A0269,1015 CLINTON ST,Hoboken,NJ,10003,,,4C 5B-14U,NJOGIS Parcels & MOD-IV Composite
A0270,29 CONCORD ST,Jersey City,NJ,07306,1890,,4C 4S-B-8U-H,NJOGIS Parcels & MOD-IV Composite
A0271,4115 LINCOLN WY,San Francisco,CA,,1928,13,A5 Apartment 5 to 14 Units,DataSF wv5m-vpq2 (2025 roll)
A0272,5 Everett St,Cambridge,MA,,1890,6,111 4-8-UNIT-APT,Cambridge Property Database FY2026 (waa7-ibdu)
A0273,3911 CENTRE ST,San Diego,CA,92103,,10,14 SANDAG asr_landuse 14-16 (5+ units),SANDAG/SanGIS parcels
A0274,7072 EASTMAN ST,San Diego,CA,92111,,6,14 SANDAG asr_landuse 14-16 (5+ units),SANDAG/SanGIS parcels
A0275,4091 MORRELL ST,San Diego,CA,92109,,7,14 SANDAG asr_landuse 14-16 (5+ units),SANDAG/SanGIS parcels
A0276,4361 ILLINOIS ST,San Diego,CA,92104,,6,14 SANDAG asr_landuse 14-16 (5+ units),SANDAG/SanGIS parcels
A0277,2736 GRANT ST,Berkeley,CA,94703,,,7700 Alameda County use code (5+ units),Alameda County parcels
A0278,1800 FRANKLIN ST,San Francisco,CA,,1919,17,A15 Apartment 15 Units or more,DataSF wv5m-vpq2 (2025 roll)
A0279,90 KENSINGTON AVE.,Jersey City,NJ,07302,1925,,4C 4S-B-A-17U,NJOGIS Parcels & MOD-IV Composite
A0280,1215 11TH AV,San Francisco,CA,,1971,6,A5 Apartment 5 to 14 Units,DataSF wv5m-vpq2 (2025 roll)
A0281,1725 N GOWER ST,Los Angeles,CA,90028,1946,20,0500 Five or more apartments,LA County eGIS parcels
A0282,2240 10TH ST,Berkeley,CA,94710,,,7700 Alameda County use code (5+ units),Alameda County parcels
A0283,90 BARTLETT ST,San Francisco,CA,,1986,51,A15 Apartment 15 Units or more,DataSF wv5m-vpq2 (2025 roll)
A0284,345 Columbia St,Cambridge,MA,,1920,9,112 >8-UNIT-APT,Cambridge Property Database FY2026 (waa7-ibdu)
A0285,5255 HARMONY AVE,Los Angeles,CA,91601,,8,0500 Five or more apartments,LA County eGIS parcels
A0286,27 Irving Ter,Cambridge,MA,,1925,29,112 >8-UNIT-APT,Cambridge Property Database FY2026 (waa7-ibdu)
A0287,404 GRAND ST,Hoboken,NJ,07075,,,4C 4B-7U-H-BA,NJOGIS Parcels & MOD-IV Composite
A0288,75 CLENDENNY AVE.,Jersey City,NJ,11211,,,4C 3S-B-12U,NJOGIS Parcels & MOD-IV Composite
A0289,1741 M L KING JR WAY,Berkeley,CA,94709,,,7700 Alameda County use code (5+ units),Alameda County parcels
A0290,21 Forest St,Cambridge,MA,,1880,10,112 >8-UNIT-APT,Cambridge Property Database FY2026 (waa7-ibdu)
A0291,165 Cambridgepark Dr,Cambridge,MA,,2014,244,112 >8-UNIT-APT,Cambridge Property Database FY2026 (waa7-ibdu)
A0292,24 Berkshire St,Cambridge,MA,,2019,6,111 4-8-UNIT-APT,Cambridge Property Database FY2026 (waa7-ibdu)
A0293,1314 NATOMA ST,San Francisco,CA,,1907,6,A5 Apartment 5 to 14 Units,DataSF wv5m-vpq2 (2025 roll)
A0294,178 Richdale Ave,Cambridge,MA,,1920,6,111 4-8-UNIT-APT,Cambridge Property Database FY2026 (waa7-ibdu)
A0295,Harvard ST LOT 2A-13,Dorchester,MA,02124,2019,,A/125 SUBSD HOUSING S- 8,Boston Property Assessment FY2026
A0296,83-85 MCWHORTER ST,Newark,NJ,07105,,,4C 4SB,NJOGIS Parcels & MOD-IV Composite
A0297,211-213 SUMMER AVE,Newark,NJ,11205,,,4C 4SB,NJOGIS Parcels & MOD-IV Composite
A0298,361 Washington St,Cambridge,MA,,1900,6,111 4-8-UNIT-APT,Cambridge Property Database FY2026 (waa7-ibdu)
A0299,1037 WASHINGTON ST,Hoboken,NJ,10994,,,4C 4B-8U-BA,NJOGIS Parcels & MOD-IV Composite
A0300,36 Trowbridge St,Cambridge,MA,,1920,5,111 4-8-UNIT-APT,Cambridge Property Database FY2026 (waa7-ibdu)
A0301,165 Hampshire St,Cambridge,MA,,1905,6,111 4-8-UNIT-APT,Cambridge Property Database FY2026 (waa7-ibdu)
A0302,4-6 Clinton St,Cambridge,MA,,1900,8,111 4-8-UNIT-APT,Cambridge Property Database FY2026 (waa7-ibdu)
A0303,188 E 35TH ST,Los Angeles,CA,90011,1909,10,0500 Five or more apartments,LA County eGIS parcels
A0304,4541 HAMILTON ST,San Diego,CA,92116,,7,14 SANDAG asr_landuse 14-16 (5+ units),SANDAG/SanGIS parcels
A0305,638 45TH AV,San Francisco,CA,,1908,5,A5 Apartment 5 to 14 Units,DataSF wv5m-vpq2 (2025 roll)
A0306,335A Harvard St,Cambridge,MA,,1920,17,112 >8-UNIT-APT,Cambridge Property Database FY2026 (waa7-ibdu)
A0307,294-296 VAN BUREN ST,Newark,NJ,07512,,,4C 3SB3UG,NJOGIS Parcels & MOD-IV Composite
A0308,1032 HUDSON ST,Hoboken,NJ,07024,,,4C 5B-11U-H-BA-G,NJOGIS Parcels & MOD-IV Composite
A0309,1706 N STANLEY AVE,Los Angeles,CA,90046,1951,6,0500 Five or more apartments,LA County eGIS parcels
A0310,53-55 Ashford ST,Allston,MA,02134,1900,,A/112 APT 7-30 UNITS,Boston Property Assessment FY2026
A0311,38-38- SOMME ST,Newark,NJ,07032,,,4C 2.5S.F.,NJOGIS Parcels & MOD-IV Composite
A0312,25 ORLANDO ST,Mattapan,MA,02126,1965,,A/125 SUBSD HOUSING S- 8,Boston Property Assessment FY2026
A0313,317-319 W RUNYON ST,Newark,NJ,11205,,,4C 3SF,NJOGIS Parcels & MOD-IV Composite
A0314,6640 LELAND WAY,Los Angeles,CA,90028,1919,7,0500 Five or more apartments,LA County eGIS parcels
A0315,5233 CARTWRIGHT AVE,Los Angeles,CA,91601,1990,8,0500 Five or more apartments,LA County eGIS parcels
A0316,3978 FLORIDA ST,San Diego,CA,92104,,8,14 SANDAG asr_landuse 14-16 (5+ units),SANDAG/SanGIS parcels
A0317,2233 CHANNING WAY,Berkeley,CA,94704,,,7700 Alameda County use code (5+ units),Alameda County parcels
A0318,2041 FRANCISCO ST,Berkeley,CA,94709,,,7700 Alameda County use code (5+ units),Alameda County parcels
A0319,2315 GRANT ST,Berkeley,CA,94703,,,7700 Alameda County use code (5+ units),Alameda County parcels
A0320,408 MADISON ST,Hoboken,NJ,07030,,,4C 4F-6U,NJOGIS Parcels & MOD-IV Composite
A0321,200 NUNDA AVE.,Jersey City,NJ,07306,,,4C 3S-F-D-7U-NH,NJOGIS Parcels & MOD-IV Composite
A0322,227 CYPRESS DR,San Ysidro,CA,92173,,31,15 SANDAG asr_landuse 14-16 (5+ units),SANDAG/SanGIS parcels
A0323,4627 COMPTON AVE,Los Angeles,CA,90011,1907,5,0500 Five or more apartments,LA County eGIS parcels
A0324,2003 FRANKLIN ST,San Francisco,CA,,1885,6,A5 Apartment 5 to 14 Units,DataSF wv5m-vpq2 (2025 roll)
A0325,38A GAUTIER AVE.,Jersey City,NJ,07302,1925,,4C 4S-B-A-21U,NJOGIS Parcels & MOD-IV Composite
A0326,46 JEFFERSON ST,Newark,NJ,07105,,,4C 4SB,NJOGIS Parcels & MOD-IV Composite
A0327,1605 N MARTEL AVE,Los Angeles,CA,90046,1954,36,0501 Five or more apartments,LA County eGIS parcels
A0328,1845 08TH AV,San Francisco,CA,,1960,6,A5 Apartment 5 to 14 Units,DataSF wv5m-vpq2 (2025 roll)
A0329,51 MADISON ST,Newark,NJ,07105,,,4C 3SB,NJOGIS Parcels & MOD-IV Composite
A0330,5229 WILLOWCREST AVE,Los Angeles,CA,91601,2018,24,0500 Five or more apartments,LA County eGIS parcels
A0331,342-344 IRVINE TURNER BLV,Newark,NJ,11219,1910,,4C 2.5SF4UG,NJOGIS Parcels & MOD-IV Composite
A0332,26 SONOMA ST,Dorchester,MA,02121,,,A/125 SUBSD HOUSING S- 8,Boston Property Assessment FY2026
A0333,3752 33RD ST,San Diego,CA,92104,,8,14 SANDAG asr_landuse 14-16 (5+ units),SANDAG/SanGIS parcels
A0334,2025 FRANCISCO ST,Berkeley,CA,94709,,,7700 Alameda County use code (5+ units),Alameda County parcels
A0335,125 BEMIS ST,San Francisco,CA,,1968,10,A5 Apartment 5 to 14 Units,DataSF wv5m-vpq2 (2025 roll)
A0336,151 North First St,Cambridge,MA,,2020,468,112 MXD >8-UNIT-APT,Cambridge Property Database FY2026 (waa7-ibdu)
A0337,66 MONROE ST,Newark,NJ,07032,,,4C 4S.B,NJOGIS Parcels & MOD-IV Composite
A0338,521-523 S 17TH,Newark,NJ,07417,,,4C 3SF,NJOGIS Parcels & MOD-IV Composite
A0339,124 Berkshire St,Cambridge,MA,,1920,8,111 4-8-UNIT-APT,Cambridge Property Database FY2026 (waa7-ibdu)
A0340,14735 ROSCOE BLVD,Los Angeles,CA,91402,1959,50,0500 Five or more apartments,LA County eGIS parcels
A0341,4225 50TH ST,San Diego,CA,92115,,6,14 SANDAG asr_landuse 14-16 (5+ units),SANDAG/SanGIS parcels
A0342,49 Roseland St,Cambridge,MA,,1910,6,111 4-8-UNIT-APT,Cambridge Property Database FY2026 (waa7-ibdu)
A0343,408-410 5TH ST,Newark,NJ,10997,,,4C 4SB,NJOGIS Parcels & MOD-IV Composite
A0344,238 & 242 GARFIELD AVE.,Jersey City,NJ,07304,1928,,4C 4S-B-44U,NJOGIS Parcels & MOD-IV Composite
A0345,153 W VERNON AVE,Los Angeles,CA,90037,1921,5,0500 Five or more apartments,LA County eGIS parcels
A0346,AUBURN DR,San Diego,CA,92105,,8,14 SANDAG asr_landuse 14-16 (5+ units),SANDAG/SanGIS parcels
A0347,2142 2ND AVE,San Diego,CA,92101,,9,14 SANDAG asr_landuse 14-16 (5+ units),SANDAG/SanGIS parcels
A0348,229 CLINTON ST,Hoboken,NJ,08755,,,4C 4F-7U,NJOGIS Parcels & MOD-IV Composite
A0349,2400 DANA ST,Berkeley,CA,94704,,,7700 Alameda County use code (5+ units),Alameda County parcels
A0350,1051 WEST SIDE AVE.,Jersey City,NJ,07446,1900,,4C 3S-B-D-6U-NH,NJOGIS Parcels & MOD-IV Composite
A0351,628 HYDE ST,San Francisco,CA,,1907,7,A5 Apartment 5 to 14 Units,DataSF wv5m-vpq2 (2025 roll)
A0352,40-42 MT PROSPECT AVE,Newark,NJ,07083,1900,,4C 3SB,NJOGIS Parcels & MOD-IV Composite
A0353,1044 E JEFFERSON BLVD,Los Angeles,CA,90011,,,0500 Five or more apartments,LA County eGIS parcels
A0354,73 LUBEC ST,East Boston,MA,02128,1899,,A/112 APT 7-30 UNITS,Boston Property Assessment FY2026
A0355,10701 AMESTOY AVE,Los Angeles,CA,91344,1986,7,0500 Five or more apartments,LA County eGIS parcels
A0356,16 Brainerd RD,Allston,MA,02134,1930,,A/112 APT 7-30 UNITS,Boston Property Assessment FY2026
A0357,173 07TH ST,San Francisco,CA,,1997,29,A15 Apartment 15 Units or more,DataSF wv5m-vpq2 (2025 roll)
A0358,717 N 6TH ST,Newark,NJ,07110,,,4C 3SB-2UG,NJOGIS Parcels & MOD-IV Composite
A0359,925 PARK AVE,Hoboken,NJ,07306,,,4C 5B-10U-H-BA,NJOGIS Parcels & MOD-IV Composite
A0360,140 NEW YORK AVE.,Jersey City,NJ,10977,1924,,4C 3S-B-A-14U-H,NJOGIS Parcels & MOD-IV Composite
A0361,15 Berkshire St,Cambridge,MA,,1915,6,111 4-8-UNIT-APT,Cambridge Property Database FY2026 (waa7-ibdu)
A0362,368 RIVERWAY ST,Boston,MA,02115,1920,,A/112 APT 7-30 UNITS,Boston Property Assessment FY2026
A0363,2451 SHATTUCK AVE,Berkeley,CA,94704,,,7700 Alameda County use code (5+ units),Alameda County parcels
A0364,125 03RD AV,San Francisco,CA,,1964,6,A5 Apartment 5 to 14 Units,DataSF wv5m-vpq2 (2025 roll)
A0365,3940 IDAHO ST,San Diego,CA,92104,,12,14 SANDAG asr_landuse 14-16 (5+ units),SANDAG/SanGIS parcels
A0366,230 Everett ST,East Boston,MA,02128,2024,,A/120 LUXURY APARTMENT,Boston Property Assessment FY2026
A0367,219 S 35TH ST,San Diego,CA,92113,,7,14 SANDAG asr_landuse 14-16 (5+ units),SANDAG/SanGIS parcels
A0368,1430 FRANCISCO ST,San Francisco,CA,,1926,12,A5 Apartment 5 to 14 Units,DataSF wv5m-vpq2 (2025 roll)
A0369,3260 CALIFORNIA ST,Berkeley,CA,94703,,,7700 Alameda County use code (5+ units),Alameda County parcels
A0370,2222 TOBERMAN ST,Los Angeles,CA,90007,1924,6,0500 Five or more apartments,LA County eGIS parcels
A0371,76-80 BRUEN ST,Newark,NJ,07105,,,4C USCB16UG,NJOGIS Parcels & MOD-IV Composite
A0372,314 SEVENTH ST.,Jersey City,NJ,07302,,,4C 4S-B-D-7U-NH-G,NJOGIS Parcels & MOD-IV Composite
A0373,1315 SPRUCE ST,Berkeley,CA,94709,,,7200 Alameda County use code (5+ units),Alameda County parcels
A0374,686 S ARDMORE AVE,Los Angeles,CA,90005,1990,15,0500 Five or more apartments,LA County eGIS parcels
A0375,1880 FULTON ST,San Francisco,CA,,1921,9,A5 Apartment 5 to 14 Units,DataSF wv5m-vpq2 (2025 roll)
A0376,ST JAMES ST,Roxbury,MA,02119,,,A/125 SUBSD HOUSING S- 8,Boston Property Assessment FY2026
A0377,206 BLOOMFIELD ST,Hoboken,NJ,10003,,,4C 5B-14U-H-BA,NJOGIS Parcels & MOD-IV Composite
A0378,4053 IDAHO ST,San Diego,CA,92104,,9,14 SANDAG asr_landuse 14-16 (5+ units),SANDAG/SanGIS parcels
A0379,1336 BRUNNER ST,San Diego,CA,92110,,12,14 SANDAG asr_landuse 14-16 (5+ units),SANDAG/SanGIS parcels
A0380,GREENVILLE ST,Roxbury,MA,02119,,,A/125 SUBSD HOUSING S- 8,Boston Property Assessment FY2026
A0381,521-523 MARKET ST,Newark,NJ,07105,,,4C 3S.B.,NJOGIS Parcels & MOD-IV Composite
A0382,119 DAY ST,San Francisco,CA,,1964,10,A5 Apartment 5 to 14 Units,DataSF wv5m-vpq2 (2025 roll)
A0383,1908 CALIFORNIA ST,Berkeley,CA,94703,,,7700 Alameda County use code (5+ units),Alameda County parcels
A0384,21 GUERRERO ST,San Francisco,CA,,1925,7,A5 Apartment 5 to 14 Units,DataSF wv5m-vpq2 (2025 roll)
A0385,1059 UNION ST,San Francisco,CA,,1986,16,A15 Apartment 15 Units or more,DataSF wv5m-vpq2 (2025 roll)
A0386,3654 ARIZONA ST,San Diego,CA,92104,,7,14 SANDAG asr_landuse 14-16 (5+ units),SANDAG/SanGIS parcels
A0387,10303 CAMINITO ALVAREZ,San Diego,CA,92126,,152,16 SANDAG asr_landuse 14-16 (5+ units),SANDAG/SanGIS parcels
A0388,157-155 CLERK ST.,Jersey City,NJ,07305,,,4C 3S-F-D-6U-H,NJOGIS Parcels & MOD-IV Composite
A0389,923 GARDEN ST,Hoboken,NJ,07068,,,4C 5B-10U-H-BA,NJOGIS Parcels & MOD-IV Composite
A0390,70 DARCY ST,Newark,NJ,07202,,,4C 3S.F.,NJOGIS Parcels & MOD-IV Composite
A0391,265 22ND ST,San Diego,CA,92102,,9,14 SANDAG asr_landuse 14-16 (5+ units),SANDAG/SanGIS parcels
A0392,4545 N 39TH ST,San Diego,CA,92116,,7,14 SANDAG asr_landuse 14-16 (5+ units),SANDAG/SanGIS parcels
A0393,91 JORDAN AVE.,Jersey City,NJ,07081,,,4C 4S-BA-21U-H,NJOGIS Parcels & MOD-IV Composite
A0394,45 RAVINE AVE.,Jersey City,NJ,07302,1912,,4C 3S-B-A-13U-H,NJOGIS Parcels & MOD-IV Composite
A0395,1632 RUSSELL ST,Berkeley,CA,94703,,,7700 Alameda County use code (5+ units),Alameda County parcels
A0396,3244 CLAIREMONT DR,San Diego,CA,92117,,6,14 SANDAG asr_landuse 14-16 (5+ units),SANDAG/SanGIS parcels
A0397,1677 BUSH ST,San Francisco,CA,,1900,21,A15 Apartment 15 Units or more,DataSF wv5m-vpq2 (2025 roll)
A0398,890 GREEN ST,San Francisco,CA,,1908,5,TIC TIC Bldg 4 units or less,DataSF wv5m-vpq2 (2025 roll)
A0399,227 WILLOW AVE,Hoboken,NJ,07643,,,4C 4B-9U,NJOGIS Parcels & MOD-IV Composite
A0400,174 MT PROSPECT AVE,Newark,NJ,07107,,,4C 3SB,NJOGIS Parcels & MOD-IV Composite
A0401,257 14TH ST,San Francisco,CA,,1908,6,A5 Apartment 5 to 14 Units,DataSF wv5m-vpq2 (2025 roll)
A0402,2914 LARKIN ST,San Francisco,CA,,1900,5,F5 Flats 5 to 14 units,DataSF wv5m-vpq2 (2025 roll)
A0403,45 Myrtle ST,Boston,MA,02114,1899,,A/125 SUBSD HOUSING S- 8,Boston Property Assessment FY2026
A0404,240 BOWERS ST.,Jersey City,NJ,07603,1900,,4C 3S-F-D-8U-H,NJOGIS Parcels & MOD-IV Composite
A0405,10214 FERNGLEN AVE,Los Angeles,CA,91042,2008,6,0500 Five or more apartments,LA County eGIS parcels
A0406,170 W Springfield ST,Boston,MA,02118,1899,,A/125 SUBSD HOUSING S- 8,Boston Property Assessment FY2026
A0407,4188 GREENBUSH AVE,Los Angeles,CA,91423,1964,10,0500 Five or more apartments,LA County eGIS parcels
A0408,14375 POLK ST,Los Angeles,CA,91342,1964,23,0500 Five or more apartments,LA County eGIS parcels
A0409,4428 GRESHAM ST,San Diego,CA,92109,,5,14 SANDAG asr_landuse 14-16 (5+ units),SANDAG/SanGIS parcels
A0410,319 SUMMIT AVE.,Jersey City,NJ,07306,1920,,4C 4-S-BT-21U-H,NJOGIS Parcels & MOD-IV Composite
A0411,1833 BERKELEY WAY,Berkeley,CA,94703,,,7200 Alameda County use code (5+ units),Alameda County parcels
A0412,229-231 GRAFTON AVE,Newark,NJ,07003,,,4C 3SF,NJOGIS Parcels & MOD-IV Composite
A0413,2209 GRAND AVE,San Diego,CA,92109,,8,14 SANDAG asr_landuse 14-16 (5+ units),SANDAG/SanGIS parcels
A0414,1987 CALIFORNIA ST,San Francisco,CA,,1922,9,A5 Apartment 5 to 14 Units,DataSF wv5m-vpq2 (2025 roll)
A0415,95 WAYNE ST.,Jersey City,NJ,07302,,,4C 4S-B-A-46U-H,NJOGIS Parcels & MOD-IV Composite
A0416,882 PAVONIA AVE.,Jersey City,NJ,10281,,,4C 5S-BT-B-C-21U-H,NJOGIS Parcels & MOD-IV Composite
A0417,4957 CAHUENGA BLVD,Los Angeles,CA,91601,,5,0500 Five or more apartments,LA County eGIS parcels
A0418,221 SIP AVE.,Jersey City,NJ,07009,,,4C 3S-FD-12U-H,NJOGIS Parcels & MOD-IV Composite
A0419,1538 HENRY ST,Berkeley,CA,94709,,,7700 Alameda County use code (5+ units),Alameda County parcels
A0420,4419 CLEVELAND AVE,San Diego,CA,92116,,10,14 SANDAG asr_landuse 14-16 (5+ units),SANDAG/SanGIS parcels
A0421,17106 CHATSWORTH ST   APT 0001,Los Angeles,CA,91344,1964,6,0500 Five or more apartments,LA County eGIS parcels
A0422,21-23 Marion St,Cambridge,MA,,1900,6,111 4-8-UNIT-APT,Cambridge Property Database FY2026 (waa7-ibdu)
A0423,10 CAMELOT CT,Brighton,MA,02135,1965,,A/112 APT 7-30 UNITS,Boston Property Assessment FY2026
A0424,208 JEFFERSON ST,Hoboken,NJ,07030,,,4C 4F-8U,NJOGIS Parcels & MOD-IV Composite
A0425,650 POST ST,San Francisco,CA,,1916,23,A15 Apartment 15 Units or more,DataSF wv5m-vpq2 (2025 roll)
A0426,1307 COLUSA ST,San Diego,CA,92110,,12,14 SANDAG asr_landuse 14-16 (5+ units),SANDAG/SanGIS parcels
A0427,7665 FOUNTAIN AVE,Los Angeles,CA,90046,1986,15,0500 Five or more apartments,LA County eGIS parcels
A0428,312-314 MT PROSPECT AVE,Newark,NJ,07109,,,4C Apartments (class 4C),NJOGIS Parcels & MOD-IV Composite
A0429,12 BLACKWOOD ST,Boston,MA,02115,1899,,A/112 APT 7-30 UNITS,Boston Property Assessment FY2026
A0430,1950 ADDISON ST,Berkeley,CA,94704,,,7800 Alameda County use code (5+ units),Alameda County parcels
A0431,245 EUCLID AVE,San Diego,CA,92114,,5,14 SANDAG asr_landuse 14-16 (5+ units),SANDAG/SanGIS parcels
A0432,14605 RAYEN ST,Los Angeles,CA,91402,1978,23,0500 Five or more apartments,LA County eGIS parcels
A0433,720 W 27TH ST,Los Angeles,CA,90007,1964,58,0501 Five or more apartments,LA County eGIS parcels
A0434,1225 HYDE ST,San Francisco,CA,,1913,8,A5 Apartment 5 to 14 Units,DataSF wv5m-vpq2 (2025 roll)
A0435,310 MONROE ST,Hoboken,NJ,07632,,,4C 4B-8U-H,NJOGIS Parcels & MOD-IV Composite
A0436,832 WILLOW AVE,Hoboken,NJ,07030,,,4C 5B-6B-25U-H-BA,NJOGIS Parcels & MOD-IV Composite
A0437,2969 SAN MARINO ST,Los Angeles,CA,90006,2004,20,0500 Five or more apartments,LA County eGIS parcels
A0438,60-62 CAMBRIDGE AVE,Jersey City,NJ,07430,,,4C 3S-F-A-12U-H,NJOGIS Parcels & MOD-IV Composite
A0439,225 25TH AV,San Francisco,CA,,1988,7,A5 Apartment 5 to 14 Units,DataSF wv5m-vpq2 (2025 roll)
A0440,4042 FULTON ST,San Francisco,CA,,1921,5,A5 Apartment 5 to 14 Units,DataSF wv5m-vpq2 (2025 roll)
A0441,4017 ILLINOIS ST,San Diego,CA,92104,,6,14 SANDAG asr_landuse 14-16 (5+ units),SANDAG/SanGIS parcels
A0442,7014 LANEWOOD AVE,Los Angeles,CA,90028,1986,18,0500 Five or more apartments,LA County eGIS parcels
A0443,3526 FAIRMOUNT AVE,San Diego,CA,92105,,16,15 SANDAG asr_landuse 14-16 (5+ units),SANDAG/SanGIS parcels
A0444,231 COMMONWEALTH AV,Boston,MA,02116,1899,,A/112 APT 7-30 UNITS,Boston Property Assessment FY2026
A0445,8790 VAN NUYS BLVD,Los Angeles,CA,91402,1977,25,0500 Five or more apartments,LA County eGIS parcels
A0446,610 COLUMBUS AV,Boston,MA,02118,1899,,A/112 APT 7-30 UNITS,Boston Property Assessment FY2026
A0447,208 CLINTON ST,Hoboken,NJ,07030,,,4C 5B-35U-G,NJOGIS Parcels & MOD-IV Composite
A0448,151-153 LAFAYETTE ST,Newark,NJ,07105,,,4C 3SB,NJOGIS Parcels & MOD-IV Composite
A0449,338 CLINTON PL,Newark,NJ,08701,,,4C 3SB,NJOGIS Parcels & MOD-IV Composite
A0450,94 NEPTUNE AVE.,Jersey City,NJ,11211,,,4C 3S-F-D-6U-NH,NJOGIS Parcels & MOD-IV Composite
A0451,7300 VALMONT ST,Los Angeles,CA,91042,1989,8,0500 Five or more apartments,LA County eGIS parcels
A0452,1310 N LAS PALMAS AVE,Los Angeles,CA,90028,1952,8,0500 Five or more apartments,LA County eGIS parcels
A0453,11 Carlisle St,Cambridge,MA,,1910,6,111 4-8-UNIT-APT,Cambridge Property Database FY2026 (waa7-ibdu)
A0454,8944 COLUMBUS AVE,Los Angeles,CA,91343,1959,6,0500 Five or more apartments,LA County eGIS parcels
A0455,78 STEVENS AVE.,Jersey City,NJ,07108,,,4C 4S-B-A-17U-H,NJOGIS Parcels & MOD-IV Composite
A0456,2151 CHATSWORTH BLVD,San Diego,CA,92107,,17,15 SANDAG asr_landuse 14-16 (5+ units),SANDAG/SanGIS parcels
A0457,1856 GREEN ST,San Francisco,CA,,1906,5,A5 Apartment 5 to 14 Units,DataSF wv5m-vpq2 (2025 roll)
A0458,1670 E 48TH PL,Los Angeles,CA,90011,1963,6,0500 Five or more apartments,LA County eGIS parcels
A0459,202 SOUTH ST.,Jersey City,NJ,07423,1915,,4C 3S-F-7U,NJOGIS Parcels & MOD-IV Composite
A0460,223-229 SHEPHARD AVE,Newark,NJ,11204,,,4C 3SB,NJOGIS Parcels & MOD-IV Composite
A0461,735 11TH AV,San Francisco,CA,,1923,5,A5 Apartment 5 to 14 Units,DataSF wv5m-vpq2 (2025 roll)
A0462,128 ST. PAULS AVE.,Jersey City,NJ,11211,1890,,4C 3S-F-D-6U,NJOGIS Parcels & MOD-IV Composite
A0463,4 BEECHWOOD ST,Dorchester,MA,02121,2007,,A/125 SUBSD HOUSING S- 8,Boston Property Assessment FY2026
A0464,2-98 DABNEY ST,Roxbury,MA,02119,1966,,A/125 SUBSD HOUSING S- 8,Boston Property Assessment FY2026
A0465,141 Oxford St,Cambridge,MA,,1915,8,111 4-8-UNIT-APT,Cambridge Property Database FY2026 (waa7-ibdu)
A0466,115 NORWAY ST,Boston,MA,02115,1920,,A/112 APT 7-30 UNITS,Boston Property Assessment FY2026
A0467,24 ST ALBANS RD,Boston,MA,02115,1923,,A/125 SUBSD HOUSING S- 8,Boston Property Assessment FY2026
A0468,13 Shepard St,Cambridge,MA,,1910,6,111 4-8-UNIT-APT,Cambridge Property Database FY2026 (waa7-ibdu)
A0469,2701 SHATTUCK AVE,Berkeley,CA,94705,,,7700 Alameda County use code (5+ units),Alameda County parcels
A0470,1919 CURTIS ST,Berkeley,CA,94702,,,7700 Alameda County use code (5+ units),Alameda County parcels
A0471,332-334 GARDEN ST,Hoboken,NJ,07604,,,4C 4 1/2B-10U-BA,NJOGIS Parcels & MOD-IV Composite
A0472,321 WILLOW AVE,Hoboken,NJ,07030,,,4C 5B-12U-BA,NJOGIS Parcels & MOD-IV Composite
A0473,20 Phillips ST,Boston,MA,02114,1899,,A/112 APT 7-30 UNITS,Boston Property Assessment FY2026
A0474,3438 MCKINLEY AVE,Los Angeles,CA,90011,1928,8,0500 Five or more apartments,LA County eGIS parcels
A0475,361 FIRST ST,Hoboken,NJ,07030,,,4C 4B-7U-H,NJOGIS Parcels & MOD-IV Composite
A0476,26-28 COTTAGE ST,Newark,NJ,07840,,,4C 2SF2UG,NJOGIS Parcels & MOD-IV Composite
A0477,2250 MISSION ST,San Francisco,CA,,1975,19,A15 Apartment 15 Units or more,DataSF wv5m-vpq2 (2025 roll)
A0478,3860 CHEROKEE AVE,San Diego,CA,92104,,9,14 SANDAG asr_landuse 14-16 (5+ units),SANDAG/SanGIS parcels
A0479,12948 MOORPARK ST,Los Angeles,CA,91604,1990,8,0500 Five or more apartments,LA County eGIS parcels
A0480,4046 N 43RD ST,San Diego,CA,92105,,11,14 SANDAG asr_landuse 14-16 (5+ units),SANDAG/SanGIS parcels
A0481,536 LEAVENWORTH ST,San Francisco,CA,,1925,63,A15 Apartment 15 Units or more,DataSF wv5m-vpq2 (2025 roll)
A0482,101 CLIFTON PL.,Jersey City,NJ,10982,,,4C 4S-B-A-25U-H,NJOGIS Parcels & MOD-IV Composite
A0483,1580 MARKET ST,San Francisco,CA,,1917,72,A15 Apartment 15 Units or more,DataSF wv5m-vpq2 (2025 roll)
A0484,1801 08TH AV,San Francisco,CA,,1948,5,A5 Apartment 5 to 14 Units,DataSF wv5m-vpq2 (2025 roll)
A0485,296-302 Western Ave,Cambridge,MA,,1920,6,111 4-8-UNIT-APT,Cambridge Property Database FY2026 (waa7-ibdu)
A0486,2280 MISSION ST,San Francisco,CA,,1910,9,A5 Apartment 5 to 14 Units,DataSF wv5m-vpq2 (2025 roll)
A0487,2118 FILLMORE ST,San Francisco,CA,,1900,11,A5 Apartment 5 to 14 Units,DataSF wv5m-vpq2 (2025 roll)
A0488,197 BEACON ST,Boston,MA,02116,1900,,A/112 APT 7-30 UNITS,Boston Property Assessment FY2026
A0489,204 GRAND ST,Hoboken,NJ,06901,2000,,4C 6B-30U-G,NJOGIS Parcels & MOD-IV Composite
A0490,526 ADAMS ST,Hoboken,NJ,07030,,,4C 4F-8U-C/3F-2U,NJOGIS Parcels & MOD-IV Composite
A0491,37 IRVING ST,Newark,NJ,07104,,,4C 3SF,NJOGIS Parcels & MOD-IV Composite
A0492,800 S HARVARD BLVD,Los Angeles,CA,90005,2019,131,0551 Five or more apartments,LA County eGIS parcels
A0493,4450 GEARY BL,San Francisco,CA,,1916,10,A5 Apartment 5 to 14 Units,DataSF wv5m-vpq2 (2025 roll)
A0494,2641 FRANKLIN ST,San Francisco,CA,,1923,6,A5 Apartment 5 to 14 Units,DataSF wv5m-vpq2 (2025 roll)
A0495,230 VAN HORNE ST.,Jersey City,NJ,11219,1895,,4C 3S-B-D-6U-NH,NJOGIS Parcels & MOD-IV Composite
A0496,512 32ND ST,San Diego,CA,92102,,8,14 SANDAG asr_landuse 14-16 (5+ units),SANDAG/SanGIS parcels
A0497,3750 29TH ST,San Diego,CA,92104,,5,14 SANDAG asr_landuse 14-16 (5+ units),SANDAG/SanGIS parcels
A0498,684-686 SUMMER AVE,Newark,NJ,07644,,,4C 3SB,NJOGIS Parcels & MOD-IV Composite
A0499,8519 WILLIS AVE,Los Angeles,CA,91402,1962,33,0501 Five or more apartments,LA County eGIS parcels
A0500,8811 BURNET AVE,Los Angeles,CA,91343,1954,36,0500 Five or more apartments,LA County eGIS parcels
